uuid,user,session,box,id,operation,action,start,end,box_size,work_position,is_top_view_label
act:7fb7b401-a812-53dd-bb35-787751f49ed3,U0209,S0500,1,101,Picking,Pick Up Sheet,2022-03-29 14:25:22.143000+09:00,2022-03-29 14:25:23.416000+09:00,,,0
act:7959e0e4-9a7b-5dc4-a8bf-e2b00aab8618,U0209,S0500,1,108,Picking,Walk to Work Bench,2022-03-29 14:25:25.314000+09:00,2022-03-29 14:25:30.284000+09:00,,,0
act:ffedbdc7-58cd-54c0-9959-eef498f097da,U0209,S0500,1,201,Relocate Item Label,Remove Item Label,2022-03-29 14:25:30.304000+09:00,2022-03-29 14:25:31.051000+09:00,,,0
act:495d8613-d822-5719-bd2f-f80e61483a5b,U0209,S0500,1,201,Relocate Item Label,Remove Item Label,2022-03-29 14:25:32.708000+09:00,2022-03-29 14:25:33.293000+09:00,,,0
act:c38acc83-cd9d-53a6-b7df-009329d2c4ea,U0209,S0500,1,201,Relocate Item Label,Remove Item Label,2022-03-29 14:25:36.222000+09:00,2022-03-29 14:25:37.758000+09:00,,,0
act:bb7bb9bf-439c-5d47-8d10-946951716084,U0209,S0500,1,201,Relocate Item Label,Remove Item Label,2022-03-29 14:25:39.677000+09:00,2022-03-29 14:25:40.283000+09:00,,,0
act:90a0bb28-f3a8-5d32-a108-2d15b31d355a,U0209,S0500,1,201,Relocate Item Label,Remove Item Label,2022-03-29 14:25:43.898000+09:00,2022-03-29 14:25:44.888000+09:00,,,0
act:b28e2ced-9d52-5554-b569-d361c3964f34,U0209,S0500,1,204,Relocate Item Label,Write Check Mark,2022-03-29 14:25:46.848000+09:00,2022-03-29 14:25:54.160000+09:00,,,0
act:e7dca1de-9beb-56c9-b2ed-1df31d89485d,U0209,S0500,1,305,Assemble Box,Pick Up Assembled Box,2022-03-29 14:25:56.039000+09:00,2022-03-29 14:25:59.331000+09:00,L,floor,0
act:04987a5d-9784-5d3f-bd3c-5fc237cc85f8,U0209,S0500,1,401,Insert Items,Insert Item into Box,2022-03-29 14:25:59.614000+09:00,2022-03-29 14:26:03.472000+09:00,,,0
act:092f7ced-39be-5465-bd49-53855ba4b6ba,U0209,S0500,1,501,Close Box,Bend Flap,2022-03-29 14:26:06.260000+09:00,2022-03-29 14:26:07.452000+09:00,,,0
act:18043b28-0b09-579d-9738-87dd988e1436,U0209,S0500,1,502,Close Box,Attach Tape,2022-03-29 14:26:08.078000+09:00,2022-03-29 14:26:12.542000+09:00,,,0
act:18849d69-29e5-5d7e-ba0f-8041309a7b82,U0209,S0500,1,601,Attach Box Label,Attach Box Label,2022-03-29 14:26:15.208000+09:00,2022-03-29 14:26:17.491000+09:00,,,0
act:192f911e-a4c1-5193-b3cc-25d3fcfd56a8,U0209,S0500,1,701,Scan Label,Pick Up HT,2022-03-29 14:26:17.572000+09:00,2022-03-29 14:26:17.875000+09:00,,,0
act:02bb3188-92aa-5458-9198-906632f4a83f,U0209,S0500,1,702,Scan Label,Scan Order Sheet,2022-03-29 14:26:19.592000+09:00,2022-03-29 14:26:20.036000+09:00,,,0
act:110f10ed-4470-570a-ab9d-476b141e41de,U0209,S0500,1,703,Scan Label,Scan Box,2022-03-29 14:26:20.319000+09:00,2022-03-29 14:26:20.804000+09:00,,,0
act:4ef5a361-e0a0-5142-bc73-1528ba8fe147,U0209,S0500,1,704,Scan Label,Scan Item,2022-03-29 14:26:21.147000+09:00,2022-03-29 14:26:25.551000+09:00,,,0
act:3f2090bd-96a6-591b-86b4-160d1316b7ec,U0209,S0500,1,706,Scan Label,Scan Order Sheet,2022-03-29 14:26:28.460000+09:00,2022-03-29 14:26:28.924000+09:00,,,0
act:a2ab0e88-f8ba-5dd2-8a70-fe26486747ba,U0209,S0500,1,707,Scan Label,Scan Printer,2022-03-29 14:26:29.369000+09:00,2022-03-29 14:26:29.591000+09:00,,,0
act:de9a2ff6-c745-5438-9d29-d03b1d154366,U0209,S0500,1,1001,Fill out Order,Pick Up Pen,2022-03-29 14:26:30.904000+09:00,2022-03-29 14:26:31.207000+09:00,,,0
act:4d3d9fc9-23c8-5b8f-ab5a-f174aec87d6d,U0209,S0500,1,1002,Fill out Order,Write Sign,2022-03-29 14:26:31.772000+09:00,2022-03-29 14:26:41.852000+09:00,,,0
act:b2bc79e6-76ba-5881-b31c-2231fc9bf22c,U0209,S0500,1,1003,Fill out Order,Push Order Sheet into Tray,2022-03-29 14:26:42.256000+09:00,2022-03-29 14:26:42.781000+09:00,,,0
act:5c32f943-7dcf-5bc1-9a5e-aa23fb6b0df4,U0209,S0500,1,801,Attach Shipping Label,Pick Up Shipping Label,2022-03-29 14:26:42.943000+09:00,2022-03-29 14:26:43.650000+09:00,,,0
act:22157e14-8c6e-5c6c-87bf-69c5c5f0bbe0,U0209,S0500,1,802,Attach Shipping Label,Attach Shipping Label,2022-03-29 14:26:43.670000+09:00,2022-03-29 14:26:49.286000+09:00,,,0
act:e11f2595-5ea8-5b3f-a5f3-6d5dff957c71,U0209,S0500,1,901,Put on Back Table,Pick Up Packed Box,2022-03-29 14:26:49.791000+09:00,2022-03-29 14:26:50.094000+09:00,,,0
act:6d3669f7-a9ec-5381-a6c7-72801252c02c,U0209,S0500,1,902,Put on Back Table,Put Packed Box,2022-03-29 14:26:50.942000+09:00,2022-03-29 14:26:51.649000+09:00,,,0
act:a8adadfd-2f79-572e-8130-7fd18856a43e,U0209,S0500,2,101,Picking,Pick Up Sheet,2022-03-29 14:26:53.253000+09:00,2022-03-29 14:26:56.194000+09:00,,,0
act:1a0682c9-bd7a-55fb-a31d-800c19a47baa,U0209,S0500,2,108,Picking,Walk to Work Bench,2022-03-29 14:26:58.618000+09:00,2022-03-29 14:27:01.547000+09:00,,,0
act:2f8603f5-ddaf-5395-b5ac-d181c046e147,U0209,S0500,2,201,Relocate Item Label,Remove Item Label,2022-03-29 14:27:01.567000+09:00,2022-03-29 14:27:02.719000+09:00,,,0
act:898f62d7-95cd-57b5-9b0c-e5051ab01664,U0209,S0500,2,204,Relocate Item Label,Write Check Mark,2022-03-29 14:27:04.416000+09:00,2022-03-29 14:27:05.789000+09:00,,,0
act:18ee7d3d-5ee3-5f61-8c1a-dd6d8b8db3d6,U0209,S0500,2,301,Assemble Box,Pick Cardboard,2022-03-29 14:27:06.981000+09:00,2022-03-29 14:27:12.334000+09:00,M,,0
act:037f4c53-7eda-5e12-8979-691ea870550d,U0209,S0500,2,302,Assemble Box,Bend Flap,2022-03-29 14:27:13.506000+09:00,2022-03-29 14:27:15.505000+09:00,,desk,0
act:e1a7b60b-1fcd-5cfc-ad8e-7bbc0a012833,U0209,S0500,2,303,Assemble Box,Attach Tape,2022-03-29 14:27:16.172000+09:00,2022-03-29 14:27:20.838000+09:00,,,0
act:c8e713fa-cd79-5a6f-b3d2-90fcb704adaf,U0209,S0500,2,304,Assemble Box,Turn Over Box,2022-03-29 14:27:21.040000+09:00,2022-03-29 14:27:21.747000+09:00,,,0
act:37c93e19-8473-5769-989c-249cf5b094a8,U0209,S0500,2,401,Insert Items,Insert Item into Box,2022-03-29 14:27:21.929000+09:00,2022-03-29 14:27:24.878000+09:00,,,0
act:a880afb1-c78e-5cdb-a793-ea4ed8ae17cd,U0209,S0500,2,501,Close Box,Bend Flap,2022-03-29 14:27:27.605000+09:00,2022-03-29 14:27:28.615000+09:00,,,0
act:b51d8ab3-7a60-525f-9526-0c007320658b,U0209,S0500,2,501,Close Box,Bend Flap,2022-03-29 14:27:31.484000+09:00,2022-03-29 14:27:32.150000+09:00,,,0
act:f0b009c3-4313-5a6c-8497-2a7736a71ffb,U0209,S0500,2,502,Close Box,Attach Tape,2022-03-29 14:27:32.494000+09:00,2022-03-29 14:27:37.604000+09:00,,,0
act:63f78c1a-c033-5cf6-99c3-116bd52c8823,U0209,S0500,2,601,Attach Box Label,Attach Box Label,2022-03-29 14:27:39.463000+09:00,2022-03-29 14:27:42.068000+09:00,,,0
act:c76d49ea-8edf-507c-9de4-c56ad798e56c,U0209,S0500,2,701,Scan Label,Pick Up HT,2022-03-29 14:27:42.553000+09:00,2022-03-29 14:27:42.856000+09:00,,,0
act:52f0aeb9-9d0b-50a7-9de1-24ff31e35e89,U0209,S0500,2,702,Scan Label,Scan Order Sheet,2022-03-29 14:27:43.240000+09:00,2022-03-29 14:27:43.927000+09:00,,,0
act:0c8d591a-781f-58a2-961c-d5547e73e785,U0209,S0500,2,703,Scan Label,Scan Box,2022-03-29 14:27:44.169000+09:00,2022-03-29 14:27:47.522000+09:00,,,0
act:7f05c033-8644-50de-8e35-e3c9b4d3feb5,U0209,S0500,2,704,Scan Label,Scan Item,2022-03-29 14:27:47.805000+09:00,2022-03-29 14:27:49.704000+09:00,,,0
act:8621cf02-0d94-54fd-a4e4-a84c5afac24d,U0209,S0500,2,706,Scan Label,Scan Order Sheet,2022-03-29 14:27:52.734000+09:00,2022-03-29 14:27:53.239000+09:00,,,0
act:01874deb-e973-5db2-968c-601b9af1660a,U0209,S0500,2,707,Scan Label,Scan Printer,2022-03-29 14:27:53.906000+09:00,2022-03-29 14:27:54.229000+09:00,,,0
act:7f96db10-82b2-599a-a9f2-709a81456913,U0209,S0500,2,1001,Fill out Order,Pick Up Pen,2022-03-29 14:27:54.956000+09:00,2022-03-29 14:27:55.259000+09:00,,,0
act:b3e81bcd-565c-57cb-a854-e3d3a7b34b9d,U0209,S0500,2,1002,Fill out Order,Write Sign,2022-03-29 14:27:55.522000+09:00,2022-03-29 14:27:58.006000+09:00,,,0
act:4b9f94e2-973f-5f12-8139-ed06dd42db97,U0209,S0500,2,1003,Fill out Order,Push Order Sheet into Tray,2022-03-29 14:27:58.350000+09:00,2022-03-29 14:27:59.238000+09:00,,,0
act:09be0c30-c87c-516e-b84f-b99855cda4e8,U0209,S0500,2,801,Attach Shipping Label,Pick Up Shipping Label,2022-03-29 14:27:59.259000+09:00,2022-03-29 14:27:59.966000+09:00,,,0
act:157ad369-fd5f-518f-bac0-f8faf4811575,U0209,S0500,2,802,Attach Shipping Label,Attach Shipping Label,2022-03-29 14:27:59.986000+09:00,2022-03-29 14:28:06.430000+09:00,,,0
act:ab6d7f8c-e787-597d-af7c-0c9b91453274,U0209,S0500,3,107,Picking,Pick Up Box Sheet,2022-03-29 14:28:06.696000+09:00,2022-03-29 14:28:09.884000+09:00,,,0
act:c2fbd159-5dac-5dad-82a3-0805b34163c1,U0209,S0500,3,109,Picking,Put Packed Box,2022-03-29 14:28:10.651000+09:00,2022-03-29 14:28:11.217000+09:00,,,0
act:cd10e45f-77fc-5f1a-962c-c69de6233019,U0209,S0500,3,108,Picking,Walk to Work Bench,2022-03-29 14:28:12.914000+09:00,2022-03-29 14:28:17.560000+09:00,,,0
act:aaa8d784-bd15-567a-9d8a-deea8fcc9208,U0209,S0500,3,201,Relocate Item Label,Remove Item Label,2022-03-29 14:28:17.580000+09:00,2022-03-29 14:28:18.509000+09:00,,,0
act:2acd0029-d28d-5b1e-83b2-e3ba678c4b85,U0209,S0500,3,201,Relocate Item Label,Remove Item Label,2022-03-29 14:28:19.661000+09:00,2022-03-29 14:28:19.842000+09:00,,,0
act:2028e6a3-9dfb-5c34-9fd7-320eeb5e5dc2,U0209,S0500,3,201,Relocate Item Label,Remove Item Label,2022-03-29 14:28:21.277000+09:00,2022-03-29 14:28:21.903000+09:00,,,0
act:87decaa4-81d7-5554-b7ec-1573fbce1227,U0209,S0500,3,201,Relocate Item Label,Remove Item Label,2022-03-29 14:28:24.347000+09:00,2022-03-29 14:28:25.680000+09:00,,,0
act:2a6a6eb4-274f-5061-b28c-171bbc2cb1cc,U0209,S0500,3,204,Relocate Item Label,Write Check Mark,2022-03-29 14:28:27.236000+09:00,2022-03-29 14:28:31.902000+09:00,,,0
act:db76d06d-9f38-57aa-8b9f-a8fb1a100ded,U0209,S0500,3,301,Assemble Box,Pick Cardboard,2022-03-29 14:28:34.871000+09:00,2022-03-29 14:28:36.932000+09:00,L,,0
act:62840f70-601a-5704-b1e7-52853cb61c58,U0209,S0500,3,302,Assemble Box,Bend Flap,2022-03-29 14:28:37.901000+09:00,2022-03-29 14:28:41.396000+09:00,,floor,0
act:19ac0cdd-1be8-5380-8bfd-f402b8e47ad2,U0209,S0500,3,303,Assemble Box,Attach Tape,2022-03-29 14:28:42.244000+09:00,2022-03-29 14:28:46.648000+09:00,,,0
act:10630378-c109-5536-a966-4cb3cedc041a,U0209,S0500,3,304,Assemble Box,Turn Over Box,2022-03-29 14:28:47.112000+09:00,2022-03-29 14:28:48.082000+09:00,,,0
act:6b7a0b97-a110-5a91-a32b-d404c2a55e57,U0209,S0500,3,401,Insert Items,Insert Item into Box,2022-03-29 14:28:48.506000+09:00,2022-03-29 14:28:56.707000+09:00,,,0
act:303a8cea-8d9a-54a7-8204-851d7b779269,U0209,S0500,3,501,Close Box,Bend Flap,2022-03-29 14:28:58.909000+09:00,2022-03-29 14:29:00.525000+09:00,,,0
act:abae6fbb-06bd-56f1-94be-03d70d677e6f,U0209,S0500,3,502,Close Box,Attach Tape,2022-03-29 14:29:01.172000+09:00,2022-03-29 14:29:06.706000+09:00,,,0
act:9564c3cc-8cb2-55a4-9e68-092000ceb43c,U0209,S0500,3,601,Attach Box Label,Attach Box Label,2022-03-29 14:29:10.241000+09:00,2022-03-29 14:29:11.999000+09:00,,,0
act:e6c8cf56-f3ad-5c39-a863-4152267fd9dd,U0209,S0500,3,701,Scan Label,Pick Up HT,2022-03-29 14:29:12.443000+09:00,2022-03-29 14:29:12.746000+09:00,,,0
act:d1b8a007-0f2f-500b-8f68-2b91b07cde90,U0209,S0500,3,702,Scan Label,Scan Order Sheet,2022-03-29 14:29:13.231000+09:00,2022-03-29 14:29:13.817000+09:00,,,0
act:65fa31df-7b76-5aca-ad9e-90dd1bbef6b4,U0209,S0500,3,703,Scan Label,Scan Box,2022-03-29 14:29:14.079000+09:00,2022-03-29 14:29:15.433000+09:00,,,0
act:17bdf1b6-d60a-5ab0-a9b6-fc3f446f3d36,U0209,S0500,3,704,Scan Label,Scan Item,2022-03-29 14:29:15.796000+09:00,2022-03-29 14:29:19.069000+09:00,,,0
act:06cd3ecf-75a3-5174-b0d5-11a7d90b8a7b,U0209,S0500,3,706,Scan Label,Scan Order Sheet,2022-03-29 14:29:21.473000+09:00,2022-03-29 14:29:21.695000+09:00,,,0
act:eacfe1ea-ed30-5e07-8a31-0e2c425976fa,U0209,S0500,3,707,Scan Label,Scan Printer,2022-03-29 14:29:22.038000+09:00,2022-03-29 14:29:22.361000+09:00,,,0
act:0ca87127-2416-56cd-b5c9-a79872d66826,U0209,S0500,3,1001,Fill out Order,Pick Up Pen,2022-03-29 14:29:22.988000+09:00,2022-03-29 14:29:23.291000+09:00,,,0
act:637bab49-5d36-5afb-bdbe-0e1bd5892c4c,U0209,S0500,3,1002,Fill out Order,Write Sign,2022-03-29 14:29:23.371000+09:00,2022-03-29 14:29:31.270000+09:00,,,0
act:9cc35510-40d6-5cc6-9d0b-fb4e645a20b3,U0209,S0500,3,1003,Fill out Order,Push Order Sheet into Tray,2022-03-29 14:29:31.593000+09:00,2022-03-29 14:29:32.158000+09:00,,,0
act:5f0882d3-37ab-5d0e-a671-4da6e3ed30a6,U0209,S0500,3,801,Attach Shipping Label,Pick Up Shipping Label,2022-03-29 14:29:32.179000+09:00,2022-03-29 14:29:32.966000+09:00,,,0
act:adc9cd9c-9263-591a-9cbb-ebc2a164ff13,U0209,S0500,3,802,Attach Shipping Label,Attach Shipping Label,2022-03-29 14:29:32.987000+09:00,2022-03-29 14:29:36.340000+09:00,,,0
act:a4acfe4d-d57d-52e4-9904-74f7ff50c44c,U0209,S0500,4,107,Picking,Pick Up Box Sheet,2022-03-29 14:29:37.320000+09:00,2022-03-29 14:29:39.511000+09:00,,,0
act:0631d009-9fb0-5bae-9e79-d5c950c4c45f,U0209,S0500,4,109,Picking,Put Packed Box,2022-03-29 14:29:40.400000+09:00,2022-03-29 14:29:41.208000+09:00,,,0
act:f06ba11d-9c13-5b1a-8612-05d07c7f53dc,U0209,S0500,4,108,Picking,Walk to Work Bench,2022-03-29 14:29:42.541000+09:00,2022-03-29 14:29:45.006000+09:00,,,0
act:1b77526a-6c53-5797-b050-ec70e03d36bc,U0209,S0500,4,103,Picking,Pick Up Item from Box,2022-03-29 14:29:45.026000+09:00,2022-03-29 14:29:46.662000+09:00,,,0
act:b3b16d63-7e45-5994-be99-0f0e5faff318,U0209,S0500,4,201,Relocate Item Label,Remove Item Label,2022-03-29 14:29:46.682000+09:00,2022-03-29 14:29:49.389000+09:00,,,0
act:ca3f7236-5619-5888-a74c-6a12b8ba24cd,U0209,S0500,4,204,Relocate Item Label,Write Check Mark,2022-03-29 14:29:53.065000+09:00,2022-03-29 14:29:54.479000+09:00,,,0
act:191b29be-7425-59e8-860d-42fa5d55b151,U0209,S0500,4,301,Assemble Box,Pick Cardboard,2022-03-29 14:29:57.227000+09:00,2022-03-29 14:29:58.721000+09:00,S,,0
act:3ab36aaa-d614-5582-893d-4e68ddb7e014,U0209,S0500,4,302,Assemble Box,Bend Flap,2022-03-29 14:29:58.883000+09:00,2022-03-29 14:30:00.358000+09:00,,desk,0
act:cbb0f8da-81d5-53ca-b0a4-17775139e5f9,U0209,S0500,4,303,Assemble Box,Attach Tape,2022-03-29 14:30:00.741000+09:00,2022-03-29 14:30:05.004000+09:00,,,0
act:594cec65-6061-5532-8f43-c26355884306,U0209,S0500,4,304,Assemble Box,Turn Over Box,2022-03-29 14:30:05.286000+09:00,2022-03-29 14:30:05.670000+09:00,,,0
act:1b17b9db-4a64-5160-8afc-a825310eed47,U0209,S0500,4,401,Insert Items,Insert Item into Box,2022-03-29 14:30:06.115000+09:00,2022-03-29 14:30:06.902000+09:00,,,0
act:ce1aebe0-8310-51fd-8be0-c07e866a2083,U0209,S0500,4,501,Close Box,Bend Flap,2022-03-29 14:30:09.003000+09:00,2022-03-29 14:30:10.639000+09:00,,,0
act:329d9568-a597-5654-bdd7-b83a13fb68b3,U0209,S0500,4,502,Close Box,Attach Tape,2022-03-29 14:30:11.245000+09:00,2022-03-29 14:30:14.861000+09:00,,,0
act:ce971be0-9777-58c9-be17-f3a9f96c56a8,U0209,S0500,4,601,Attach Box Label,Attach Box Label,2022-03-29 14:30:15.730000+09:00,2022-03-29 14:30:17.911000+09:00,,,0
act:d43b6a57-36f7-51ed-9911-8a92aa8b901f,U0209,S0500,4,701,Scan Label,Pick Up HT,2022-03-29 14:30:18.356000+09:00,2022-03-29 14:30:18.659000+09:00,,,0
act:bc15073c-dee8-5e2a-9196-029b2bce01b1,U0209,S0500,4,702,Scan Label,Scan Order Sheet,2022-03-29 14:30:19.426000+09:00,2022-03-29 14:30:20.982000+09:00,,,0
act:0c7dadc6-661d-5617-a2d7-d9a04ca184ad,U0209,S0500,4,703,Scan Label,Scan Box,2022-03-29 14:30:21.204000+09:00,2022-03-29 14:30:22.376000+09:00,,,0
act:512226fd-9b22-5097-8b88-991ae89db55f,U0209,S0500,4,704,Scan Label,Scan Item,2022-03-29 14:30:22.719000+09:00,2022-03-29 14:30:23.426000+09:00,,,0
act:0c2b5660-8029-5376-bf73-bfc895892e95,U0209,S0500,4,706,Scan Label,Scan Order Sheet,2022-03-29 14:30:25.587000+09:00,2022-03-29 14:30:26.032000+09:00,,,0
act:a699591f-dbc0-5c3a-a8bb-68d43e995a0b,U0209,S0500,4,707,Scan Label,Scan Printer,2022-03-29 14:30:26.517000+09:00,2022-03-29 14:30:26.860000+09:00,,,0
act:208ac4ba-fc52-5ef0-a68c-bbb21f379673,U0209,S0500,4,1001,Fill out Order,Pick Up Pen,2022-03-29 14:30:27.587000+09:00,2022-03-29 14:30:27.890000+09:00,,,0
act:ca6a18a1-0602-5783-a02d-7a04b102cc22,U0209,S0500,4,1002,Fill out Order,Write Sign,2022-03-29 14:30:28.011000+09:00,2022-03-29 14:30:30.092000+09:00,,,0
act:5077f478-9225-5879-908b-15be14f06325,U0209,S0500,4,1003,Fill out Order,Push Order Sheet into Tray,2022-03-29 14:30:30.435000+09:00,2022-03-29 14:30:30.940000+09:00,,,0
act:c638723d-7579-54e0-ba5b-9a4c04b08350,U0209,S0500,4,801,Attach Shipping Label,Pick Up Shipping Label,2022-03-29 14:30:30.961000+09:00,2022-03-29 14:30:32.476000+09:00,,,0
act:7ca9951e-c366-5c79-aa14-14699b756b3f,U0209,S0500,4,802,Attach Shipping Label,Attach Shipping Label,2022-03-29 14:30:32.496000+09:00,2022-03-29 14:30:36.556000+09:00,,,0
act:713f5548-23fe-5df2-bb83-908e650776d0,U0209,S0500,4,901,Put on Back Table,Pick Up Packed Box,2022-03-29 14:30:37.081000+09:00,2022-03-29 14:30:37.384000+09:00,,,0
act:83836f4b-2057-5a45-8c6c-19276b92c301,U0209,S0500,4,902,Put on Back Table,Put Packed Box,2022-03-29 14:30:37.829000+09:00,2022-03-29 14:30:38.253000+09:00,,,0
act:6a8dc332-cf50-52a4-9e53-519e13c0df05,U0209,S0500,5,103,Picking,Pick Up Item from Box,2022-03-29 14:30:40.232000+09:00,2022-03-29 14:30:41.360000+09:00,,,0
act:f20757be-f1ff-5e8a-b7aa-648630b4c905,U0209,S0500,5,101,Picking,Pick Up Sheet,2022-03-29 14:30:41.364000+09:00,2022-03-29 14:30:42.212000+09:00,,,0
act:996aaf0e-a2fe-510d-9dc7-c99fbe38aebc,U0209,S0500,5,201,Relocate Item Label,Remove Item Label,2022-03-29 14:30:42.576000+09:00,2022-03-29 14:30:44.495000+09:00,,,0
act:ccab90a0-384b-50ec-8e01-68b23c9a21dd,U0209,S0500,5,103,Picking,Pick Up Item from Box,2022-03-29 14:30:45.626000+09:00,2022-03-29 14:30:50.817000+09:00,,,0
act:0079f830-ecf0-5f39-ac96-73b6349e97f7,U0209,S0500,5,201,Relocate Item Label,Remove Item Label,2022-03-29 14:30:50.837000+09:00,2022-03-29 14:30:53.423000+09:00,,,0
act:5d722a34-5ac2-537b-84ef-e85a8641c1af,U0209,S0500,5,204,Relocate Item Label,Write Check Mark,2022-03-29 14:30:54.554000+09:00,2022-03-29 14:30:56.211000+09:00,,,0
act:0b949912-643a-55bb-b7b8-18f5f2e94fa0,U0209,S0500,5,205,Relocate Item Label,Put Item Small Bag,2022-03-29 14:30:57.301000+09:00,2022-03-29 14:31:04.270000+09:00,,,0
act:65b61922-0a42-5685-82a2-d77cac2619ba,U0209,S0500,5,301,Assemble Box,Pick Cardboard,2022-03-29 14:31:04.452000+09:00,2022-03-29 14:31:07.381000+09:00,S,,0
act:a5dd7e28-944c-5343-a863-ccfdacbc7968,U0209,S0500,5,302,Assemble Box,Bend Flap,2022-03-29 14:31:07.846000+09:00,2022-03-29 14:31:08.937000+09:00,,desk,0
act:a6dbadd2-193f-5ea8-b599-c22c84167791,U0209,S0500,5,303,Assemble Box,Attach Tape,2022-03-29 14:31:09.522000+09:00,2022-03-29 14:31:16.971000+09:00,,,0
act:1bf42535-7846-5892-bb34-3ee2262ed952,U0209,S0500,5,304,Assemble Box,Turn Over Box,2022-03-29 14:31:17.639000+09:00,2022-03-29 14:31:18.179000+09:00,,,0
act:a30d9379-a8eb-543f-988e-b0566c84a9c2,U0209,S0500,5,401,Insert Items,Insert Item into Box,2022-03-29 14:31:18.505000+09:00,2022-03-29 14:31:19.698000+09:00,,,0
act:afb9a410-3274-5a05-bf16-c1e64736c8e4,U0209,S0500,5,403,Insert Items,Separate Air Cushion,2022-03-29 14:31:20.891000+09:00,2022-03-29 14:31:21.360000+09:00,,,0
act:028e3269-f282-513c-902c-fb9bd69f268e,U0209,S0500,5,501,Close Box,Bend Flap,2022-03-29 14:31:21.985000+09:00,2022-03-29 14:31:24.158000+09:00,,,0
act:3caba3c1-15c6-5091-a705-6e577e42b7d8,U0209,S0500,5,502,Close Box,Attach Tape,2022-03-29 14:31:24.556000+09:00,2022-03-29 14:31:29.030000+09:00,,,0
act:f5f0a7c2-0978-58ac-be06-1d925dfcad39,U0209,S0500,5,601,Attach Box Label,Attach Box Label,2022-03-29 14:31:30.748000+09:00,2022-03-29 14:31:32.978000+09:00,,,0
act:4faf53aa-44c2-5041-ae48-cd437b6774e5,U0209,S0500,5,701,Scan Label,Pick Up HT,2022-03-29 14:31:33.986000+09:00,2022-03-29 14:31:34.299000+09:00,,,0
act:8df62cf1-1eb0-5978-be0e-1a4e9359cbb8,U0209,S0500,5,702,Scan Label,Scan Order Sheet,2022-03-29 14:31:34.753000+09:00,2022-03-29 14:31:35.676000+09:00,,,0
act:d1b07c64-88b5-5530-952f-aa413a471df0,U0209,S0500,5,703,Scan Label,Scan Box,2022-03-29 14:31:35.960000+09:00,2022-03-29 14:31:38.630000+09:00,,,0
act:1fa5f25b-b431-5797-8fe1-aec26dcde059,U0209,S0500,5,704,Scan Label,Scan Item,2022-03-29 14:31:38.929000+09:00,2022-03-29 14:31:40.803000+09:00,,,0
act:6a98920c-2b2b-54a0-ab19-15da1b2e41e3,U0209,S0500,5,706,Scan Label,Scan Order Sheet,2022-03-29 14:31:44.581000+09:00,2022-03-29 14:31:44.865000+09:00,,,0
act:d3cbc610-1b40-5456-a613-c7d0d4387fed,U0209,S0500,5,707,Scan Label,Scan Printer,2022-03-29 14:31:45.306000+09:00,2022-03-29 14:31:45.874000+09:00,,,0
act:76b51146-3167-5c20-94c8-841b71aef885,U0209,S0500,5,1001,Fill out Order,Pick Up Pen,2022-03-29 14:31:47.109000+09:00,2022-03-29 14:31:47.422000+09:00,,,0
act:8af7f82a-aaf2-5dc1-9574-603c90a3eb54,U0209,S0500,5,1002,Fill out Order,Write Sign,2022-03-29 14:31:48.132000+09:00,2022-03-29 14:31:52.734000+09:00,,,0
act:8655c062-f54e-5b35-bfcf-6b6a36828bca,U0209,S0500,5,1003,Fill out Order,Push Order Sheet into Tray,2022-03-29 14:31:53.131000+09:00,2022-03-29 14:31:53.756000+09:00,,,0
act:69bc7dde-f907-5014-96b7-eed95dbb8c9e,U0209,S0500,5,801,Attach Shipping Label,Pick Up Shipping Label,2022-03-29 14:31:53.770000+09:00,2022-03-29 14:31:54.765000+09:00,,,0
act:1b04b0ec-a914-5d0a-9a15-892e388457bb,U0209,S0500,5,802,Attach Shipping Label,Attach Shipping Label,2022-03-29 14:31:54.779000+09:00,2022-03-29 14:31:58.585000+09:00,,,0
act:15217357-fc41-561d-baa7-de457e0dbd00,U0209,S0500,5,901,Put on Back Table,Pick Up Packed Box,2022-03-29 14:31:59.466000+09:00,2022-03-29 14:31:59.764000+09:00,,,0
act:adabe65a-fbe9-5ce2-b2ab-5edd04726dd4,U0209,S0500,5,902,Put on Back Table,Put Packed Box,2022-03-29 14:32:00.488000+09:00,2022-03-29 14:32:00.914000+09:00,,,0
act:9de2e745-14e2-513d-b42a-9506f647312c,U0209,S0500,6,103,Picking,Pick Up Item from Box,2022-03-29 14:32:02.122000+09:00,2022-03-29 14:32:03.073000+09:00,,,0
act:d942a959-50ca-5cb8-b3c0-4445e255fce1,U0209,S0500,6,201,Relocate Item Label,Remove Item Label,2022-03-29 14:32:05.133000+09:00,2022-03-29 14:32:05.601000+09:00,,,0
act:7198d45f-949c-5933-b50e-b4b2d42fac81,U0209,S0500,6,204,Relocate Item Label,Write Check Mark,2022-03-29 14:32:06.482000+09:00,2022-03-29 14:32:07.732000+09:00,,,0
act:80c77ba0-3a0b-53c9-af7a-ff01bcd5925d,U0209,S0500,6,305,Assemble Box,Pick Up Assembled Box,2022-03-29 14:32:08.328000+09:00,2022-03-29 14:32:10.174000+09:00,S,desk,0
act:2fd5aaf2-fed2-5979-89cf-949406cc2d97,U0209,S0500,6,401,Insert Items,Insert Item into Box,2022-03-29 14:32:10.189000+09:00,2022-03-29 14:32:11.396000+09:00,,,0
act:ccedd06f-da6a-58e0-9525-e5e28b6c4e30,U0209,S0500,6,501,Close Box,Bend Flap,2022-03-29 14:32:13.256000+09:00,2022-03-29 14:32:15.202000+09:00,,,0
act:0bc7d97e-66af-5b2c-adb4-681ba9bf095a,U0209,S0500,6,502,Close Box,Attach Tape,2022-03-29 14:32:15.713000+09:00,2022-03-29 14:32:19.846000+09:00,,,0
act:16fb3bca-3b30-56c8-b537-d6bea02daf83,U0209,S0500,6,601,Attach Box Label,Attach Box Label,2022-03-29 14:32:21.679000+09:00,2022-03-29 14:32:23.397000+09:00,,,0
act:fd3e3831-1bf5-5069-bf19-490c13351b62,U0209,S0500,6,701,Scan Label,Pick Up HT,2022-03-29 14:32:23.866000+09:00,2022-03-29 14:32:24.178000+09:00,,,0
act:82149863-f907-5b8b-b8eb-1f077407a9c0,U0209,S0500,6,702,Scan Label,Scan Order Sheet,2022-03-29 14:32:24.548000+09:00,2022-03-29 14:32:25.826000+09:00,,,0
act:78b141f9-c677-5ee0-8457-7e527725827e,U0209,S0500,6,703,Scan Label,Scan Box,2022-03-29 14:32:26.593000+09:00,2022-03-29 14:32:27.544000+09:00,,,0
act:4c61aae5-8d95-583b-9572-7421f1f2441d,U0209,S0500,6,704,Scan Label,Scan Item,2022-03-29 14:32:27.885000+09:00,2022-03-29 14:32:28.567000+09:00,,,0
act:bc73596b-ce91-5715-9109-9aae0750f3f7,U0209,S0500,6,706,Scan Label,Scan Order Sheet,2022-03-29 14:32:30.811000+09:00,2022-03-29 14:32:31.109000+09:00,,,0
act:fdc73b6a-2506-5fba-ba46-c66825ee3990,U0209,S0500,6,707,Scan Label,Scan Printer,2022-03-29 14:32:31.422000+09:00,2022-03-29 14:32:32.089000+09:00,,,0
act:9af40b84-3d75-526e-807e-3ceaa27f37f3,U0209,S0500,6,1001,Fill out Order,Pick Up Pen,2022-03-29 14:32:33.183000+09:00,2022-03-29 14:32:33.495000+09:00,,,0
act:248b01e7-4a39-5485-af0f-cb65b8eb32bc,U0209,S0500,6,1002,Fill out Order,Write Sign,2022-03-29 14:32:33.595000+09:00,2022-03-29 14:32:37.273000+09:00,,,0
act:1c168158-3b41-583e-873c-1a7fc5c1d21a,U0209,S0500,6,1003,Fill out Order,Push Order Sheet into Tray,2022-03-29 14:32:37.628000+09:00,2022-03-29 14:32:38.566000+09:00,,,0
act:e23f6754-7137-5ffe-8621-a71f614fee33,U0209,S0500,6,801,Attach Shipping Label,Pick Up Shipping Label,2022-03-29 14:32:39.617000+09:00,2022-03-29 14:32:40.057000+09:00,,,0
act:94a94b68-0b00-5ce1-94d3-171273a856cd,U0209,S0500,6,802,Attach Shipping Label,Attach Shipping Label,2022-03-29 14:32:40.071000+09:00,2022-03-29 14:32:44.247000+09:00,,,0
act:86405e2f-278d-5523-be84-c2415f2e70be,U0209,S0500,7,107,Picking,Pick Up Box Sheet,2022-03-29 14:32:44.493000+09:00,2022-03-29 14:32:48.934000+09:00,,,0
act:35999af6-f9f8-58ca-89bf-4adf649664e6,U0209,S0500,7,109,Picking,Put Packed Box,2022-03-29 14:32:49.743000+09:00,2022-03-29 14:32:50.226000+09:00,,,0
act:6ea57c99-9988-50ca-ae62-79685674755a,U0209,S0500,7,108,Picking,Walk to Work Bench,2022-03-29 14:32:51.291000+09:00,2022-03-29 14:32:53.322000+09:00,,,0
act:7cfb90ed-28ec-5980-b973-dcd9c513f2be,U0209,S0500,7,201,Relocate Item Label,Remove Item Label,2022-03-29 14:32:53.336000+09:00,2022-03-29 14:32:54.302000+09:00,,,0
act:c0b0095f-c949-58c9-bfd4-3c5d5fbcbdd3,U0209,S0500,7,204,Relocate Item Label,Write Check Mark,2022-03-29 14:33:00.324000+09:00,2022-03-29 14:33:01.858000+09:00,,,0
act:30a23576-0908-5dc5-821f-c656a74bcf0e,U0209,S0500,7,8103,Null,Ignore,2022-03-29 14:33:02.227000+09:00,2022-03-29 14:33:02.525000+09:00,,,0
act:bfd1f158-663f-58df-bcd6-f4204776bb3f,U0209,S0500,7,301,Assemble Box,Pick Cardboard,2022-03-29 14:33:05.025000+09:00,2022-03-29 14:33:07.780000+09:00,M,,0
act:f084b384-97ba-516a-b867-ba9bd0752e9d,U0209,S0500,7,302,Assemble Box,Bend Flap,2022-03-29 14:33:07.794000+09:00,2022-03-29 14:33:09.485000+09:00,,desk,0
act:1dea9d63-886d-540c-a5cb-4869589939e1,U0209,S0500,7,303,Assemble Box,Attach Tape,2022-03-29 14:33:10.678000+09:00,2022-03-29 14:33:18.347000+09:00,,,0
act:749b8aa0-7b88-5806-99cb-903fe902c341,U0209,S0500,7,304,Assemble Box,Turn Over Box,2022-03-29 14:33:18.560000+09:00,2022-03-29 14:33:19.284000+09:00,,,0
act:fb55c8cb-f85f-519d-abe7-ef43275a092a,U0209,S0500,7,401,Insert Items,Insert Item into Box,2022-03-29 14:33:19.682000+09:00,2022-03-29 14:33:21.230000+09:00,,,0
act:662ea63f-7714-54d9-ac10-c6710a288f60,U0209,S0500,7,501,Close Box,Bend Flap,2022-03-29 14:33:24.895000+09:00,2022-03-29 14:33:26.031000+09:00,,,0
act:8fc9a52e-e6fe-5bf6-8f09-164460cd631d,U0209,S0500,7,502,Close Box,Attach Tape,2022-03-29 14:33:26.883000+09:00,2022-03-29 14:33:32.351000+09:00,,,0
act:85f700a5-9432-5f18-bd37-7e54194aea54,U0209,S0500,7,601,Attach Box Label,Attach Box Label,2022-03-29 14:33:33.615000+09:00,2022-03-29 14:33:36.427000+09:00,,,0
act:c99d27ef-86c6-575f-8fef-3c6437b6b528,U0209,S0500,7,701,Scan Label,Pick Up HT,2022-03-29 14:33:37.293000+09:00,2022-03-29 14:33:37.606000+09:00,,,0
act:1d9e9f18-86b4-5d84-adb2-a3eb81d9cc2b,U0209,S0500,7,702,Scan Label,Scan Order Sheet,2022-03-29 14:33:37.776000+09:00,2022-03-29 14:33:38.316000+09:00,,,0
act:3e959925-1995-51b5-933a-1161d1e89163,U0209,S0500,7,703,Scan Label,Scan Box,2022-03-29 14:33:38.572000+09:00,2022-03-29 14:33:39.055000+09:00,,,0
act:ab1f465d-3686-56c0-83cc-4b6867b8b45a,U0209,S0500,7,704,Scan Label,Scan Item,2022-03-29 14:33:39.438000+09:00,2022-03-29 14:33:40.304000+09:00,,,0
act:bbcddc07-dcce-5dd2-8d55-8c0b3a18f4dd,U0209,S0500,7,706,Scan Label,Scan Order Sheet,2022-03-29 14:33:42.520000+09:00,2022-03-29 14:33:42.932000+09:00,,,0
act:75765bd4-f681-565e-9682-153a51e4f4db,U0209,S0500,7,707,Scan Label,Scan Printer,2022-03-29 14:33:43.287000+09:00,2022-03-29 14:33:44.792000+09:00,,,0
act:92da8e73-5e90-5273-9c60-e46076d47055,U0209,S0500,7,1001,Fill out Order,Pick Up Pen,2022-03-29 14:33:45.460000+09:00,2022-03-29 14:33:45.772000+09:00,,,0
act:c45291de-31a0-5bbc-a85d-4a6bf70c87b2,U0209,S0500,7,1002,Fill out Order,Write Sign,2022-03-29 14:33:45.900000+09:00,2022-03-29 14:33:48.102000+09:00,,,0
act:60681c8a-64fd-5038-87ee-232a36e7e709,U0209,S0500,7,1003,Fill out Order,Push Order Sheet into Tray,2022-03-29 14:33:48.428000+09:00,2022-03-29 14:33:49.423000+09:00,,,0
act:22d681c6-d0d4-511b-b6b6-e2f2f98f5178,U0209,S0500,7,801,Attach Shipping Label,Pick Up Shipping Label,2022-03-29 14:33:49.437000+09:00,2022-03-29 14:33:51.368000+09:00,,,0
act:fdd8cbf8-c3e0-546c-b943-a61101ba5ae9,U0209,S0500,7,802,Attach Shipping Label,Attach Shipping Label,2022-03-29 14:33:51.382000+09:00,2022-03-29 14:33:56.041000+09:00,,,0
act:0eb1f61d-b99e-573f-b3f1-e7007ad189d4,U0209,S0500,8,107,Picking,Pick Up Box Sheet,2022-03-29 14:33:56.370000+09:00,2022-03-29 14:33:58.526000+09:00,,,0
act:2929508a-0c21-56f2-a5a9-cef7cde5ef7f,U0209,S0500,8,109,Picking,Put Packed Box,2022-03-29 14:33:59.279000+09:00,2022-03-29 14:33:59.861000+09:00,,,0
act:8adea58d-1d1f-5a95-b2af-b8bb91565bed,U0209,S0500,8,108,Picking,Walk to Work Bench,2022-03-29 14:34:01.126000+09:00,2022-03-29 14:34:03.156000+09:00,,,0
act:858b499a-af17-5bf4-9b02-bb4a66b7648e,U0209,S0500,8,201,Relocate Item Label,Remove Item Label,2022-03-29 14:34:03.171000+09:00,2022-03-29 14:34:03.398000+09:00,,,0
act:329c8c15-a7eb-5a5e-a017-f7e419b10d3d,U0209,S0500,8,204,Relocate Item Label,Write Check Mark,2022-03-29 14:34:04.974000+09:00,2022-03-29 14:34:07.147000+09:00,,,0
act:8c2d0e17-f3f6-5fe9-b1d0-17cafe2da279,U0209,S0500,8,301,Assemble Box,Pick Cardboard,2022-03-29 14:34:08.184000+09:00,2022-03-29 14:34:11.323000+09:00,S,,0
act:bfc1f58e-705d-598a-a596-7013e5cf337c,U0209,S0500,8,302,Assemble Box,Bend Flap,2022-03-29 14:34:11.962000+09:00,2022-03-29 14:34:12.928000+09:00,,desk,0
act:27a7a612-d1eb-5af7-b333-925200c5ac4c,U0209,S0500,8,303,Assemble Box,Attach Tape,2022-03-29 14:34:13.382000+09:00,2022-03-29 14:34:18.723000+09:00,,,0
act:80d8218a-3d2e-545f-a545-cb71988568ce,U0209,S0500,8,304,Assemble Box,Turn Over Box,2022-03-29 14:34:18.936000+09:00,2022-03-29 14:34:19.802000+09:00,,,0
act:3c3f9b3e-54d5-5276-b71e-e7c46f701f50,U0209,S0500,8,401,Insert Items,Insert Item into Box,2022-03-29 14:34:19.944000+09:00,2022-03-29 14:34:20.427000+09:00,,,0
act:d6855681-723e-5080-8b5c-6353c3bdffaa,U0209,S0500,8,404,Insert Items,Put Item Small Bag,2022-03-29 14:34:20.455000+09:00,2022-03-29 14:34:26.236000+09:00,,,0
act:b476f57d-08c6-5580-99f7-0a3d8dc17b9e,U0209,S0500,8,401,Insert Items,Insert Item into Box,2022-03-29 14:34:26.250000+09:00,2022-03-29 14:34:27.003000+09:00,,,0
act:1c0059bf-b225-50cd-bfcc-6393b48f30f4,U0209,S0500,8,501,Close Box,Bend Flap,2022-03-29 14:34:27.741000+09:00,2022-03-29 14:34:28.920000+09:00,,,0
act:3648cb9f-0fc2-577c-929d-0e7c5647e514,U0209,S0500,8,502,Close Box,Attach Tape,2022-03-29 14:34:29.673000+09:00,2022-03-29 14:34:32.741000+09:00,,,0
act:3fd54458-d058-51c8-807c-41175b9ae43f,U0209,S0500,8,8103,Null,Ignore,2022-03-29 14:34:32.755000+09:00,2022-03-29 14:34:34.147000+09:00,,,0
act:c91c3102-f5dd-5e94-bc5b-5484fff52d27,U0209,S0500,8,403,Insert Items,Separate Air Cushion,2022-03-29 14:34:36.149000+09:00,2022-03-29 14:34:36.462000+09:00,,,0
act:8a16295d-ffcb-5334-89f9-1d071b890725,U0209,S0500,8,501,Close Box,Bend Flap,2022-03-29 14:34:37.967000+09:00,2022-03-29 14:34:39.260000+09:00,,,0
act:a501a1ec-e8b0-57f0-ae73-8fc0a165cfdb,U0209,S0500,8,502,Close Box,Attach Tape,2022-03-29 14:34:39.913000+09:00,2022-03-29 14:34:48.733000+09:00,,,0
act:c978b748-0b97-5c6c-87d3-bd08787fcd54,U0209,S0500,8,601,Attach Box Label,Attach Box Label,2022-03-29 14:34:49.557000+09:00,2022-03-29 14:34:51.332000+09:00,,,0
act:8be94dea-f354-5047-9120-ad0a59d5d806,U0209,S0500,8,8103,Null,Ignore,2022-03-29 14:34:51.517000+09:00,2022-03-29 14:34:53.036000+09:00,,,0
act:e522d368-89c3-5feb-ac1b-b124ba042a39,U0209,S0500,8,701,Scan Label,Pick Up HT,2022-03-29 14:34:53.533000+09:00,2022-03-29 14:34:53.846000+09:00,,,0
act:00723fdd-c36a-528f-a9be-f603642a8753,U0209,S0500,8,702,Scan Label,Scan Order Sheet,2022-03-29 14:34:54.300000+09:00,2022-03-29 14:34:55.081000+09:00,,,0
act:029946d1-c886-50d7-a392-9a97cfdce9ba,U0209,S0500,8,703,Scan Label,Scan Box,2022-03-29 14:34:55.309000+09:00,2022-03-29 14:34:55.806000+09:00,,,0
act:e55fc1f5-8a9d-546d-9f4d-f156b928de50,U0209,S0500,8,704,Scan Label,Scan Item,2022-03-29 14:34:56.061000+09:00,2022-03-29 14:34:57.297000+09:00,,,0
act:2537b755-404b-57e9-8fe4-727346cd13f6,U0209,S0500,8,706,Scan Label,Scan Order Sheet,2022-03-29 14:34:59.569000+09:00,2022-03-29 14:35:00.095000+09:00,,,0
act:019180cc-2133-5e98-83ce-5abd79700ffb,U0209,S0500,8,707,Scan Label,Scan Printer,2022-03-29 14:35:00.521000+09:00,2022-03-29 14:35:01.998000+09:00,,,0
act:54af26e2-d71b-5c46-a65a-076572e506fd,U0209,S0500,8,1001,Fill out Order,Pick Up Pen,2022-03-29 14:35:02.936000+09:00,2022-03-29 14:35:03.234000+09:00,,,0
act:14617de9-a4b5-5256-bd52-e6855da841f8,U0209,S0500,8,1002,Fill out Order,Write Sign,2022-03-29 14:35:03.333000+09:00,2022-03-29 14:35:06.344000+09:00,,,0
act:97fb32e9-06da-5eed-950f-52ecf4a8e8b3,U0209,S0500,8,1003,Fill out Order,Push Order Sheet into Tray,2022-03-29 14:35:06.671000+09:00,2022-03-29 14:35:08.262000+09:00,,,0
act:7375c2b2-4bcd-55ac-ac1c-fbc56e1e3a57,U0209,S0500,8,801,Attach Shipping Label,Pick Up Shipping Label,2022-03-29 14:35:08.276000+09:00,2022-03-29 14:35:08.744000+09:00,,,0
act:ea26a3b3-07e0-5aef-8515-dc0d84d49d29,U0209,S0500,8,802,Attach Shipping Label,Attach Shipping Label,2022-03-29 14:35:08.759000+09:00,2022-03-29 14:35:12.806000+09:00,,,0
act:da97adf2-3b69-5227-b001-d8a843cb558e,U0209,S0500,9,107,Picking,Pick Up Box Sheet,2022-03-29 14:35:12.933000+09:00,2022-03-29 14:35:16.272000+09:00,,,0
act:96bcf688-5e7b-5733-ba2c-db317431df6b,U0209,S0500,9,109,Picking,Put Packed Box,2022-03-29 14:35:17.081000+09:00,2022-03-29 14:35:17.550000+09:00,,,0
act:84360c9c-37ea-501d-add3-b2003968c0aa,U0209,S0500,9,108,Picking,Walk to Work Bench,2022-03-29 14:35:18.218000+09:00,2022-03-29 14:35:20.916000+09:00,,,0
act:38dbef93-b623-5225-8e26-7251899c24ea,U0209,S0500,9,201,Relocate Item Label,Remove Item Label,2022-03-29 14:35:20.930000+09:00,2022-03-29 14:35:21.072000+09:00,,,0
act:adb468fd-83af-5140-a314-957fa59e910b,U0209,S0500,9,204,Relocate Item Label,Write Check Mark,2022-03-29 14:35:23.557000+09:00,2022-03-29 14:35:25.333000+09:00,,,0
act:6faa3d1c-68bd-5a3e-b59b-318a669cac39,U0209,S0500,9,8103,Null,Ignore,2022-03-29 14:35:26.370000+09:00,2022-03-29 14:35:27.875000+09:00,,,0
act:d3fd65fb-988c-5a26-a1a3-216e94a195c0,U0209,S0500,9,301,Assemble Box,Pick Cardboard,2022-03-29 14:35:29.054000+09:00,2022-03-29 14:35:31.412000+09:00,M,,0
act:588a96c0-6996-5f32-ad33-368c2f12f2d5,U0209,S0500,9,301,Assemble Box,Pick Cardboard,2022-03-29 14:35:33.300000+09:00,2022-03-29 14:35:35.829000+09:00,L,,0
act:8cf8c835-7c0f-5fc1-923d-ffb928061adc,U0209,S0500,9,302,Assemble Box,Bend Flap,2022-03-29 14:35:36.539000+09:00,2022-03-29 14:35:38.186000+09:00,,floor,0
act:09ca27e8-757f-5daf-8d30-0b6310a67934,U0209,S0500,9,303,Assemble Box,Attach Tape,2022-03-29 14:35:39.138000+09:00,2022-03-29 14:35:43.881000+09:00,,,0
act:e448f4ec-b528-5a7a-bdd9-a18996f205cc,U0209,S0500,9,304,Assemble Box,Turn Over Box,2022-03-29 14:35:44.293000+09:00,2022-03-29 14:35:44.961000+09:00,,,0
act:4709f1a2-e142-515a-b6a0-ed334c99c507,U0209,S0500,9,401,Insert Items,Insert Item into Box,2022-03-29 14:35:45.472000+09:00,2022-03-29 14:35:47.375000+09:00,,,0
act:c83f9103-efa6-58bd-ac22-7306dc9a8634,U0209,S0500,9,501,Close Box,Bend Flap,2022-03-29 14:35:50.713000+09:00,2022-03-29 14:35:52.204000+09:00,,,0
act:d9aaf896-8ae3-57b9-b072-d157ba893196,U0209,S0500,9,502,Close Box,Attach Tape,2022-03-29 14:35:52.758000+09:00,2022-03-29 14:35:57.431000+09:00,,,0
act:b7f5e43d-1cb6-5116-9d4e-43ec16ed4219,U0209,S0500,9,601,Attach Box Label,Attach Box Label,2022-03-29 14:35:59.476000+09:00,2022-03-29 14:36:02.629000+09:00,,,0
act:a9c39175-dca0-5467-b09c-69d1d04d0dca,U0209,S0500,9,701,Scan Label,Pick Up HT,2022-03-29 14:36:03.950000+09:00,2022-03-29 14:36:04.248000+09:00,,,0
act:2fda379f-6db6-5c37-aea2-419a2609744a,U0209,S0500,9,702,Scan Label,Scan Order Sheet,2022-03-29 14:36:04.504000+09:00,2022-03-29 14:36:05.129000+09:00,,,0
act:5e4d9f35-6f60-5526-a7b9-fb33cd34af8d,U0209,S0500,9,703,Scan Label,Scan Box,2022-03-29 14:36:05.768000+09:00,2022-03-29 14:36:06.336000+09:00,,,0
act:47c9a824-7038-5ae6-898b-1d1141ec86d8,U0209,S0500,9,704,Scan Label,Scan Item,2022-03-29 14:36:06.734000+09:00,2022-03-29 14:36:08.637000+09:00,,,0
act:368b259b-aced-5a9e-a845-ea2b25aaeb60,U0209,S0500,9,8103,Null,Ignore,2022-03-29 14:36:10.142000+09:00,2022-03-29 14:36:11.094000+09:00,,,0
act:ccd8443a-2eb1-5237-9a7e-b381da611604,U0209,S0500,9,706,Scan Label,Scan Order Sheet,2022-03-29 14:36:11.392000+09:00,2022-03-29 14:36:12.116000+09:00,,,0
act:0d5e047a-c784-5a5a-bd62-b21289dbc395,U0209,S0500,9,707,Scan Label,Scan Printer,2022-03-29 14:36:12.628000+09:00,2022-03-29 14:36:14.531000+09:00,,,0
act:63ca1864-d648-5ba3-8992-2e26a4faea30,U0209,S0500,9,1001,Fill out Order,Pick Up Pen,2022-03-29 14:36:15.426000+09:00,2022-03-29 14:36:15.738000+09:00,,,0
act:e0977aa6-f225-5694-8bc8-de2e1c0d6afd,U0209,S0500,9,1002,Fill out Order,Write Sign,2022-03-29 14:36:15.781000+09:00,2022-03-29 14:36:18.564000+09:00,,,0
act:3c5aa3d8-7050-5c74-98bb-71485866900f,U0209,S0500,9,1003,Fill out Order,Push Order Sheet into Tray,2022-03-29 14:36:18.919000+09:00,2022-03-29 14:36:20.652000+09:00,,,0
act:b9bd3919-0f82-5819-95af-50c704200ac3,U0209,S0500,9,801,Attach Shipping Label,Pick Up Shipping Label,2022-03-29 14:36:20.766000+09:00,2022-03-29 14:36:21.419000+09:00,,,0
act:74a3fab9-189e-5b76-9ec1-405ccec288d3,U0209,S0500,9,802,Attach Shipping Label,Attach Shipping Label,2022-03-29 14:36:21.433000+09:00,2022-03-29 14:36:26.703000+09:00,,,0
act:c5d70651-971f-5742-9540-fa35802a4162,U0209,S0500,10,107,Picking,Pick Up Box Sheet,2022-03-29 14:36:27.242000+09:00,2022-03-29 14:36:31.659000+09:00,,,0
act:7b0bee0d-2c0a-573c-94b4-942b1afd652b,U0209,S0500,10,109,Picking,Put Packed Box,2022-03-29 14:36:32.710000+09:00,2022-03-29 14:36:33.491000+09:00,,,0
act:ef5eae97-8f0a-5733-a574-b4769c3cf898,U0209,S0500,10,108,Picking,Walk to Work Bench,2022-03-29 14:36:34.599000+09:00,2022-03-29 14:36:36.559000+09:00,,,0
act:9bcaf497-514b-5a65-a76e-20a7a4fcefde,U0209,S0500,10,201,Relocate Item Label,Remove Item Label,2022-03-29 14:36:36.573000+09:00,2022-03-29 14:36:38.050000+09:00,,,0
act:42a0f4b8-4e62-5562-aa58-f648b44b57c9,U0209,S0500,10,204,Relocate Item Label,Write Check Mark,2022-03-29 14:36:40.124000+09:00,2022-03-29 14:36:41.701000+09:00,,,0
act:a6e3e6e4-df48-5c82-bdf8-d6df04e93038,U0209,S0500,10,301,Assemble Box,Pick Cardboard,2022-03-29 14:36:42.908000+09:00,2022-03-29 14:36:44.925000+09:00,S,,0
act:ea203c81-bf78-5a4f-9f90-a4839cead704,U0209,S0500,10,302,Assemble Box,Bend Flap,2022-03-29 14:36:45.265000+09:00,2022-03-29 14:36:46.430000+09:00,,desk,0
act:55b047aa-9970-5bae-b087-ec5e7c734f3b,U0209,S0500,10,303,Assemble Box,Attach Tape,2022-03-29 14:36:48.248000+09:00,2022-03-29 14:36:52.509000+09:00,,,0
act:01e5bc5d-3c48-5aee-955b-c091b9c0a748,U0209,S0500,10,304,Assemble Box,Turn Over Box,2022-03-29 14:36:52.708000+09:00,2022-03-29 14:36:53.247000+09:00,,,0
act:1a2ab2e7-c4e5-5b51-a6d0-8fdd47d0dd61,U0209,S0500,10,401,Insert Items,Insert Item into Box,2022-03-29 14:36:53.503000+09:00,2022-03-29 14:36:55.861000+09:00,,,0
act:d3985615-4847-5eee-a410-bf38242b4cef,U0209,S0500,10,301,Assemble Box,Pick Cardboard,2022-03-29 14:36:57.281000+09:00,2022-03-29 14:36:59.312000+09:00,M,,0
act:5f3afcc3-df24-583b-b5f8-6ef12979d1ee,U0209,S0500,10,302,Assemble Box,Bend Flap,2022-03-29 14:36:59.852000+09:00,2022-03-29 14:37:01.542000+09:00,,desk,0
act:5bd1299d-9200-5fd3-bdfd-8ab865dc75e8,U0209,S0500,10,303,Assemble Box,Attach Tape,2022-03-29 14:37:01.996000+09:00,2022-03-29 14:37:06.413000+09:00,,,0
act:7ec6fb53-2c01-56eb-9723-95f149dcfcea,U0209,S0500,10,304,Assemble Box,Turn Over Box,2022-03-29 14:37:06.584000+09:00,2022-03-29 14:37:07.777000+09:00,,,0
act:961dd723-f865-56f2-aa13-c0e4336caeaa,U0209,S0500,10,401,Insert Items,Insert Item into Box,2022-03-29 14:37:11.171000+09:00,2022-03-29 14:37:12.875000+09:00,,,0
act:cd68538f-6cbc-5cb5-b17d-02711c958b56,U0209,S0500,10,501,Close Box,Bend Flap,2022-03-29 14:37:15.474000+09:00,2022-03-29 14:37:16.952000+09:00,,,0
act:490acb85-c6fb-5f6f-a30b-ae2b22a87088,U0209,S0500,10,502,Close Box,Attach Tape,2022-03-29 14:37:17.463000+09:00,2022-03-29 14:37:22.675000+09:00,,,0
act:ed1b7aa3-3c75-5ecf-8cb1-dc879b9152d5,U0209,S0500,10,601,Attach Box Label,Attach Box Label,2022-03-29 14:37:23.996000+09:00,2022-03-29 14:37:26.070000+09:00,,,0
act:bd2f08fe-2401-5b1d-88d6-c2ff680056e8,U0209,S0500,10,701,Scan Label,Pick Up HT,2022-03-29 14:37:27.050000+09:00,2022-03-29 14:37:27.348000+09:00,,,0
act:4b6fab16-be45-530a-bebe-b02a508989c5,U0209,S0500,10,702,Scan Label,Scan Order Sheet,2022-03-29 14:37:28.157000+09:00,2022-03-29 14:37:29.208000+09:00,,,0
act:73b3ca93-b28f-5fe2-bf23-43f5cef3fad4,U0209,S0500,10,703,Scan Label,Scan Box,2022-03-29 14:37:29.592000+09:00,2022-03-29 14:37:30.629000+09:00,,,0
act:2ed7b295-9470-55d9-9268-ed7a9e7547e1,U0209,S0500,10,704,Scan Label,Scan Item,2022-03-29 14:37:30.941000+09:00,2022-03-29 14:37:31.438000+09:00,,,0
act:eeec1aea-7f80-57df-8a90-2b99d80b2982,U0209,S0500,10,706,Scan Label,Scan Order Sheet,2022-03-29 14:37:33.867000+09:00,2022-03-29 14:37:34.676000+09:00,,,0
act:ecb1c2e0-0fff-5615-a084-45fc935cc853,U0209,S0500,10,707,Scan Label,Scan Printer,2022-03-29 14:37:35.188000+09:00,2022-03-29 14:37:35.685000+09:00,,,0
act:55b09664-dce5-5fb9-b8f9-3d7e5bb95f9f,U0209,S0500,10,1001,Fill out Order,Pick Up Pen,2022-03-29 14:37:36.736000+09:00,2022-03-29 14:37:37.034000+09:00,,,0
act:23c330e9-1e3c-589b-a614-5d296b66433e,U0209,S0500,10,1002,Fill out Order,Write Sign,2022-03-29 14:37:37.276000+09:00,2022-03-29 14:37:39.690000+09:00,,,0
act:6de046eb-d901-5931-977d-10130cad0319,U0209,S0500,10,1003,Fill out Order,Push Order Sheet into Tray,2022-03-29 14:37:40.017000+09:00,2022-03-29 14:37:40.784000+09:00,,,0
act:cc47fc04-4bec-5cab-854d-ceb9be1220db,U0209,S0500,10,801,Attach Shipping Label,Pick Up Shipping Label,2022-03-29 14:37:40.798000+09:00,2022-03-29 14:37:41.948000+09:00,,,0
act:d2c945f6-08fc-5ff0-90f7-05a43c60b998,U0209,S0500,10,802,Attach Shipping Label,Attach Shipping Label,2022-03-29 14:37:41.962000+09:00,2022-03-29 14:37:46.252000+09:00,,,0
act:9ec4f278-13ad-5e07-a360-2dfc257988cb,U0209,S0500,11,107,Picking,Pick Up Box Sheet,2022-03-29 14:37:46.861000+09:00,2022-03-29 14:37:48.410000+09:00,,,0
act:f15b3bf0-f473-5f63-8156-9aed32a55df8,U0209,S0500,11,109,Picking,Put Packed Box,2022-03-29 14:37:49.263000+09:00,2022-03-29 14:37:49.746000+09:00,,,0
act:656c23de-fbbe-591a-8bbe-4aafaea4bbb3,U0209,S0500,11,108,Picking,Walk to Work Bench,2022-03-29 14:37:51.578000+09:00,2022-03-29 14:37:53.495000+09:00,,,0
act:187690c2-2d97-5109-a76f-bcd5a73237c3,U0209,S0500,11,201,Relocate Item Label,Remove Item Label,2022-03-29 14:37:53.509000+09:00,2022-03-29 14:37:54.205000+09:00,,,0
act:948b0513-e2c6-5598-a8c3-144fa48b3cb1,U0209,S0500,11,204,Relocate Item Label,Write Check Mark,2022-03-29 14:37:55.412000+09:00,2022-03-29 14:37:56.549000+09:00,,,0
act:58b32261-0758-5d93-bdf7-03e740dcaaa9,U0209,S0500,11,301,Assemble Box,Pick Cardboard,2022-03-29 14:37:57.940000+09:00,2022-03-29 14:38:00.653000+09:00,M,,0
act:e5a5ab4b-cb55-5d7e-b886-0e379204fdb9,U0209,S0500,11,302,Assemble Box,Bend Flap,2022-03-29 14:38:00.838000+09:00,2022-03-29 14:38:02.357000+09:00,,desk,0
act:a3190f2a-1785-58f9-a4da-ca73101eed51,U0209,S0500,11,303,Assemble Box,Attach Tape,2022-03-29 14:38:03.139000+09:00,2022-03-29 14:38:09.572000+09:00,,,0
act:5bed848c-9b4a-5b21-b942-80f44bf8cd3b,U0209,S0500,11,304,Assemble Box,Turn Over Box,2022-03-29 14:38:09.743000+09:00,2022-03-29 14:38:10.510000+09:00,,,0
act:0236b7f9-fe81-5147-a8a2-429fbe14fcfc,U0209,S0500,11,401,Insert Items,Insert Item into Box,2022-03-29 14:38:10.751000+09:00,2022-03-29 14:38:12.811000+09:00,,,0
act:51190e92-2077-550c-b4bf-a0ca79faa871,U0209,S0500,11,501,Close Box,Bend Flap,2022-03-29 14:38:16.603000+09:00,2022-03-29 14:38:17.739000+09:00,,,0
act:b05f04ed-7d27-5e8f-87dd-ad393baac9e7,U0209,S0500,11,502,Close Box,Attach Tape,2022-03-29 14:38:18.733000+09:00,2022-03-29 14:38:23.292000+09:00,,,0
act:93f76fee-eebe-571d-bd7d-3c724fa35d00,U0209,S0500,11,601,Attach Box Label,Attach Box Label,2022-03-29 14:38:24.272000+09:00,2022-03-29 14:38:26.474000+09:00,,,0
act:58ec84f4-44fe-5781-85a9-b4d44d530490,U0209,S0500,11,701,Scan Label,Pick Up HT,2022-03-29 14:38:28.164000+09:00,2022-03-29 14:38:28.462000+09:00,,,0
act:76d4d5ba-7ff9-59ca-8bb3-8a5700b8fbab,U0209,S0500,11,702,Scan Label,Scan Order Sheet,2022-03-29 14:38:28.561000+09:00,2022-03-29 14:38:29.115000+09:00,,,0
act:ec0499e6-13c3-536d-bbe9-84663f9eba11,U0209,S0500,11,703,Scan Label,Scan Box,2022-03-29 14:38:29.499000+09:00,2022-03-29 14:38:29.896000+09:00,,,0
act:cb9f9237-1d49-5d73-92c6-1b34489b779a,U0209,S0500,11,704,Scan Label,Scan Item,2022-03-29 14:38:30.209000+09:00,2022-03-29 14:38:30.820000+09:00,,,0
act:ca8848a6-8cc4-58da-91b7-130a8bcb8d70,U0209,S0500,11,706,Scan Label,Scan Order Sheet,2022-03-29 14:38:33.262000+09:00,2022-03-29 14:38:33.532000+09:00,,,0
act:18b1a0ed-b592-588d-823c-5d3a9c294ce4,U0209,S0500,11,707,Scan Label,Scan Printer,2022-03-29 14:38:34.015000+09:00,2022-03-29 14:38:34.910000+09:00,,,0
act:c0412300-038a-5455-8a2e-e5e9de0724e9,U0209,S0500,11,1001,Fill out Order,Pick Up Pen,2022-03-29 14:38:35.947000+09:00,2022-03-29 14:38:36.259000+09:00,,,0
act:570dfee2-dbc4-56fb-95c5-312bd9125fc7,U0209,S0500,11,1002,Fill out Order,Write Sign,2022-03-29 14:38:36.387000+09:00,2022-03-29 14:38:38.631000+09:00,,,0
act:e8576cea-6ca9-5385-a0ca-5ec16a92b058,U0209,S0500,11,1003,Fill out Order,Push Order Sheet into Tray,2022-03-29 14:38:38.944000+09:00,2022-03-29 14:38:39.597000+09:00,,,0
act:d0668209-a5de-500d-9e15-b98a1fd86454,U0209,S0500,11,801,Attach Shipping Label,Pick Up Shipping Label,2022-03-29 14:38:39.611000+09:00,2022-03-29 14:38:40.492000+09:00,,,0
act:6774dd9c-cea3-5c88-a168-17656e580770,U0209,S0500,11,802,Attach Shipping Label,Attach Shipping Label,2022-03-29 14:38:40.506000+09:00,2022-03-29 14:38:44.688000+09:00,,,0
act:52418868-0ab2-5182-a19c-581172cf8a80,U0209,S0500,12,107,Picking,Pick Up Box Sheet,2022-03-29 14:38:45.157000+09:00,2022-03-29 14:38:47.096000+09:00,,,0
act:873f8ab6-fa81-5ba5-9daa-7d3cc467d1a5,U0209,S0500,12,109,Picking,Put Packed Box,2022-03-29 14:38:47.778000+09:00,2022-03-29 14:38:48.360000+09:00,,,0
act:084411b9-4baa-5584-9d2b-bf444f35d240,U0209,S0500,12,108,Picking,Walk to Work Bench,2022-03-29 14:38:49.667000+09:00,2022-03-29 14:38:51.257000+09:00,,,0
act:a819ac69-c9fb-53df-bc23-2d4256dd8018,U0209,S0500,12,201,Relocate Item Label,Remove Item Label,2022-03-29 14:38:51.271000+09:00,2022-03-29 14:38:52.379000+09:00,,,0
act:01b56ba6-d22e-5263-a737-d7c2bad0eecd,U0209,S0500,12,204,Relocate Item Label,Write Check Mark,2022-03-29 14:38:54.552000+09:00,2022-03-29 14:38:56.100000+09:00,,,0
act:c814e8ab-7f8e-5446-933b-a51fe6e81ed5,U0209,S0500,12,301,Assemble Box,Pick Cardboard,2022-03-29 14:38:57.066000+09:00,2022-03-29 14:38:58.430000+09:00,S,,0
act:1644d848-794a-5179-98d1-423dec4ae1b8,U0209,S0500,12,302,Assemble Box,Bend Flap,2022-03-29 14:39:00.617000+09:00,2022-03-29 14:39:02.193000+09:00,,desk,0
act:c5224f75-79ed-561a-ad7d-a4914898b05f,U0209,S0500,12,303,Assemble Box,Attach Tape,2022-03-29 14:39:02.506000+09:00,2022-03-29 14:39:08.428000+09:00,,,0
act:1122367d-0fe6-57ae-9796-b9cc631d8afb,U0209,S0500,12,304,Assemble Box,Turn Over Box,2022-03-29 14:39:08.727000+09:00,2022-03-29 14:39:09.167000+09:00,,,0
act:08d20006-fc86-5c2e-b7ec-09870b5abf5a,U0209,S0500,12,401,Insert Items,Insert Item into Box,2022-03-29 14:39:09.508000+09:00,2022-03-29 14:39:10.601000+09:00,,,0
act:679fec6c-f723-582a-8e1e-e64e04770bd4,U0209,S0500,12,501,Close Box,Bend Flap,2022-03-29 14:39:13.797000+09:00,2022-03-29 14:39:15.004000+09:00,,,0
act:d5808646-9f21-5434-8e24-5a224943c9fb,U0209,S0500,12,502,Close Box,Attach Tape,2022-03-29 14:39:15.430000+09:00,2022-03-29 14:39:21.097000+09:00,,,0
act:bbcda6bf-1886-5123-b952-6602a7bd0368,U0209,S0500,12,601,Attach Box Label,Attach Box Label,2022-03-29 14:39:21.978000+09:00,2022-03-29 14:39:23.583000+09:00,,,0
act:63e9aedb-0fe8-5543-a7d1-c37570394282,U0209,S0500,12,701,Scan Label,Pick Up HT,2022-03-29 14:39:25.045000+09:00,2022-03-29 14:39:25.358000+09:00,,,0
act:e28ee156-e631-57d8-9800-c4592ffbc046,U0209,S0500,12,702,Scan Label,Scan Order Sheet,2022-03-29 14:39:25.855000+09:00,2022-03-29 14:39:26.622000+09:00,,,0
act:a01d6e48-284e-5d14-b548-a864af9bc8b0,U0209,S0500,12,703,Scan Label,Scan Box,2022-03-29 14:39:27.360000+09:00,2022-03-29 14:39:27.914000+09:00,,,0
act:4217fa10-1cd4-5ae1-a1a4-d24de291e47b,U0209,S0500,12,704,Scan Label,Scan Item,2022-03-29 14:39:28.411000+09:00,2022-03-29 14:39:28.866000+09:00,,,0
act:ca896db6-acad-577e-a0c7-43a027790fc9,U0209,S0500,12,706,Scan Label,Scan Order Sheet,2022-03-29 14:39:31.124000+09:00,2022-03-29 14:39:31.323000+09:00,,,0
act:084a6a07-2c70-520d-81d9-bba2ebf26411,U0209,S0500,12,707,Scan Label,Scan Printer,2022-03-29 14:39:31.863000+09:00,2022-03-29 14:39:32.615000+09:00,,,0
act:74fec2a5-d0c9-5a5b-99be-3548c1187450,U0209,S0500,12,1001,Fill out Order,Pick Up Pen,2022-03-29 14:39:33.510000+09:00,2022-03-29 14:39:33.808000+09:00,,,0
act:54ac00db-ed17-57ac-9513-277209180bc6,U0209,S0500,12,1002,Fill out Order,Write Sign,2022-03-29 14:39:34.235000+09:00,2022-03-29 14:39:36.862000+09:00,,,0
act:2ca246f5-515c-5566-96e9-11e792d8604c,U0209,S0500,12,1003,Fill out Order,Push Order Sheet into Tray,2022-03-29 14:39:37.288000+09:00,2022-03-29 14:39:38.510000+09:00,,,0
act:7dc586e7-03a1-5fd9-8333-d7d995f93c52,U0209,S0500,12,801,Attach Shipping Label,Pick Up Shipping Label,2022-03-29 14:39:38.510000+09:00,2022-03-29 14:39:39.447000+09:00,,,0
act:7b0e04ed-a60d-594a-b314-668071bbdfa2,U0209,S0500,12,802,Attach Shipping Label,Attach Shipping Label,2022-03-29 14:39:39.461000+09:00,2022-03-29 14:39:43.125000+09:00,,,0
act:28ab9bfb-326a-5b86-83ba-fdc4347e43da,U0209,S0500,13,107,Picking,Pick Up Box Sheet,2022-03-29 14:39:43.445000+09:00,2022-03-29 14:39:44.645000+09:00,,,0
act:f33f007f-1bdf-5e9c-bec5-296a44d8af16,U0209,S0500,13,109,Picking,Put Packed Box,2022-03-29 14:39:45.526000+09:00,2022-03-29 14:39:46.080000+09:00,,,0
act:559897e5-91b3-538e-a81c-d7ee14714ab8,U0209,S0500,13,108,Picking,Walk to Work Bench,2022-03-29 14:39:47.386000+09:00,2022-03-29 14:39:49.843000+09:00,,,0
act:ca522121-7b27-52c1-bbd2-af30a5a8d31e,U0209,S0500,13,201,Relocate Item Label,Remove Item Label,2022-03-29 14:39:49.857000+09:00,2022-03-29 14:39:50.781000+09:00,,,0
act:b44902de-42e1-5e88-97f6-790791916410,U0209,S0500,13,204,Relocate Item Label,Write Check Mark,2022-03-29 14:39:52.059000+09:00,2022-03-29 14:39:53.323000+09:00,,,0
act:1e4633da-3f4f-5233-8d99-beebe0ef4c00,U0209,S0500,13,301,Assemble Box,Pick Cardboard,2022-03-29 14:39:54.928000+09:00,2022-03-29 14:39:56.234000+09:00,S,,0
act:5bb14cad-1f94-5118-834a-9d4f4fee21a4,U0209,S0500,13,302,Assemble Box,Bend Flap,2022-03-29 14:39:56.476000+09:00,2022-03-29 14:39:58.024000+09:00,,desk,0
act:a461c8dc-ea71-51c9-acb8-9f8b1d04ebbe,U0209,S0500,13,303,Assemble Box,Attach Tape,2022-03-29 14:39:58.322000+09:00,2022-03-29 14:40:04.060000+09:00,,,0
act:d0e0e975-7215-55bf-a3a4-1c8642526236,U0209,S0500,13,304,Assemble Box,Turn Over Box,2022-03-29 14:40:04.273000+09:00,2022-03-29 14:40:04.742000+09:00,,,0
act:e559d956-6636-51d2-ad9e-23deb094b8f6,U0209,S0500,13,401,Insert Items,Insert Item into Box,2022-03-29 14:40:06.276000+09:00,2022-03-29 14:40:08.136000+09:00,,,0
act:5e5c541a-6494-58ce-bbb1-631619b480f5,U0209,S0500,13,403,Insert Items,Separate Air Cushion,2022-03-29 14:40:09.628000+09:00,2022-03-29 14:40:10.324000+09:00,,,0
act:87c662ce-b522-5a0c-a561-6b705045bbc2,U0209,S0500,13,501,Close Box,Bend Flap,2022-03-29 14:40:12.241000+09:00,2022-03-29 14:40:14.243000+09:00,,,0
act:22723b13-ce3f-54c2-b80e-a235c119399a,U0209,S0500,13,502,Close Box,Attach Tape,2022-03-29 14:40:14.698000+09:00,2022-03-29 14:40:19.058000+09:00,,,0
act:c7156a6b-931b-5e7b-ac24-d790f8d41b0b,U0209,S0500,13,601,Attach Box Label,Attach Box Label,2022-03-29 14:40:20.081000+09:00,2022-03-29 14:40:22.268000+09:00,,,0
act:aa090dd4-26b4-57db-a533-fe29666bb399,U0209,S0500,13,701,Scan Label,Pick Up HT,2022-03-29 14:40:23.575000+09:00,2022-03-29 14:40:23.887000+09:00,,,0
act:7a4d23a5-7ca0-58f7-a8bb-461474a03a41,U0209,S0500,13,702,Scan Label,Scan Order Sheet,2022-03-29 14:40:24.015000+09:00,2022-03-29 14:40:24.895000+09:00,,,0
act:920621b2-e21e-5f13-aaf3-75f49b628ed3,U0209,S0500,13,703,Scan Label,Scan Box,2022-03-29 14:40:25.222000+09:00,2022-03-29 14:40:26.827000+09:00,,,0
act:4c818c9c-ea6b-5314-b66d-b4ac0a608ddc,U0209,S0500,13,704,Scan Label,Scan Item,2022-03-29 14:40:27.182000+09:00,2022-03-29 14:40:27.963000+09:00,,,0
act:c3af3415-3a66-5548-b3f5-49b392adc6ca,U0209,S0500,13,706,Scan Label,Scan Order Sheet,2022-03-29 14:40:30.193000+09:00,2022-03-29 14:40:30.491000+09:00,,,0
act:7cb3e24d-7b57-5a79-ba10-af05f3a353f4,U0209,S0500,13,707,Scan Label,Scan Printer,2022-03-29 14:40:31.031000+09:00,2022-03-29 14:40:31.500000+09:00,,,0
act:f33b50b8-0374-59f3-80d9-2a4b251dac88,U0209,S0500,13,1001,Fill out Order,Pick Up Pen,2022-03-29 14:40:32.210000+09:00,2022-03-29 14:40:32.522000+09:00,,,0
act:27d3a49f-ab24-5ad0-8090-896e12df54c6,U0209,S0500,13,1002,Fill out Order,Write Sign,2022-03-29 14:40:33.090000+09:00,2022-03-29 14:40:35.334000+09:00,,,0
act:e8a1ae6e-173f-51ae-a053-714f932c6492,U0209,S0500,13,1003,Fill out Order,Push Order Sheet into Tray,2022-03-29 14:40:35.704000+09:00,2022-03-29 14:40:36.314000+09:00,,,0
act:66635508-9e0c-516c-9a51-19cecef4aaa5,U0209,S0500,13,801,Attach Shipping Label,Pick Up Shipping Label,2022-03-29 14:40:36.329000+09:00,2022-03-29 14:40:37.493000+09:00,,,0
act:637d0b8b-65e0-5b7b-afcc-f8aa52aba6db,U0209,S0500,13,802,Attach Shipping Label,Attach Shipping Label,2022-03-29 14:40:37.507000+09:00,2022-03-29 14:40:42.606000+09:00,,,0
act:d0821bf9-bec6-5312-ba11-55d4bb14de83,U0209,S0500,14,107,Picking,Pick Up Box Sheet,2022-03-29 14:40:43.480000+09:00,2022-03-29 14:40:45.688000+09:00,,,0
act:0ae3a24d-4f5c-56b0-8707-aab9334215cb,U0209,S0500,14,109,Picking,Put Packed Box,2022-03-29 14:40:46.341000+09:00,2022-03-29 14:40:46.910000+09:00,,,0
act:69e532ec-e4a2-5ab8-be2d-11d9ab4b7803,U0209,S0500,14,108,Picking,Walk to Work Bench,2022-03-29 14:40:48.088000+09:00,2022-03-29 14:40:50.815000+09:00,,,0
act:22d622e6-bf98-5c8a-8657-17d8cde6758c,U0209,S0500,14,8103,Null,Ignore,2022-03-29 14:40:50.830000+09:00,2022-03-29 14:40:53.173000+09:00,,,0
act:89777c10-8405-556c-b4f2-4c233c8caa79,U0209,S0500,14,201,Relocate Item Label,Remove Item Label,2022-03-29 14:40:54.536000+09:00,2022-03-29 14:40:55.800000+09:00,,,0
act:6d5e0e8c-f12f-5380-9e1e-14a4dc581056,U0209,S0500,14,201,Relocate Item Label,Remove Item Label,2022-03-29 14:40:56.951000+09:00,2022-03-29 14:40:59.365000+09:00,,,0
act:d6968ce5-63e7-58d1-b57d-d660a9f915f6,U0209,S0500,14,201,Relocate Item Label,Remove Item Label,2022-03-29 14:41:00.743000+09:00,2022-03-29 14:41:01.609000+09:00,,,0
act:f2f388f8-54de-5050-8dd8-83028f39a2b4,U0209,S0500,14,204,Relocate Item Label,Write Check Mark,2022-03-29 14:41:03.030000+09:00,2022-03-29 14:41:07.631000+09:00,,,0
act:327fd49a-8425-5e5f-838f-16453ea077f7,U0209,S0500,14,301,Assemble Box,Pick Cardboard,2022-03-29 14:41:08.370000+09:00,2022-03-29 14:41:09.378000+09:00,S,,0
act:f1083f50-f8b9-5486-9cdc-64432653decf,U0209,S0500,14,302,Assemble Box,Bend Flap,2022-03-29 14:41:09.591000+09:00,2022-03-29 14:41:10.798000+09:00,,desk,0
act:1a0ac8a5-0247-5c0b-93bc-04f419fd2c0f,U0209,S0500,14,303,Assemble Box,Attach Tape,2022-03-29 14:41:11.509000+09:00,2022-03-29 14:41:16.167000+09:00,,,0
act:f0807369-5a85-57fe-b4c4-7125460e2f2c,U0209,S0500,14,304,Assemble Box,Turn Over Box,2022-03-29 14:41:16.352000+09:00,2022-03-29 14:41:16.863000+09:00,,,0
act:9474a56b-9008-541e-93da-cebd789ec782,U0209,S0500,14,401,Insert Items,Insert Item into Box,2022-03-29 14:41:17.175000+09:00,2022-03-29 14:41:19.490000+09:00,,,0
act:81aa1022-92cc-5852-909d-7eafdc1e23b6,U0209,S0500,14,501,Close Box,Bend Flap,2022-03-29 14:41:19.505000+09:00,2022-03-29 14:41:19.846000+09:00,,,0
act:0c6bda89-d19b-552f-a2ab-fdecd6ac119d,U0209,S0500,14,501,Close Box,Bend Flap,2022-03-29 14:41:22.757000+09:00,2022-03-29 14:41:24.575000+09:00,,,0
act:0272082a-6a56-5e54-9a80-7765ba25fb6d,U0209,S0500,14,502,Close Box,Attach Tape,2022-03-29 14:41:24.959000+09:00,2022-03-29 14:41:28.964000+09:00,,,0
act:16a874f1-11e6-5d2c-a173-bf98581926d5,U0209,S0500,14,601,Attach Box Label,Attach Box Label,2022-03-29 14:41:30.086000+09:00,2022-03-29 14:41:31.762000+09:00,,,0
act:fb0f4595-1106-5f74-84a7-8541fce7dc3b,U0209,S0500,14,701,Scan Label,Pick Up HT,2022-03-29 14:41:32.529000+09:00,2022-03-29 14:41:32.841000+09:00,,,0
act:175b08a1-7a1f-5e83-aa6b-b2a1bd60dd54,U0209,S0500,14,702,Scan Label,Scan Order Sheet,2022-03-29 14:41:33.537000+09:00,2022-03-29 14:41:34.148000+09:00,,,0
act:132d9996-ddda-593d-a311-35f7d6f21fee,U0209,S0500,14,703,Scan Label,Scan Box,2022-03-29 14:41:34.417000+09:00,2022-03-29 14:41:34.986000+09:00,,,0
act:b8af6df6-7f2e-5fe4-aef7-2d1899f70495,U0209,S0500,14,704,Scan Label,Scan Item,2022-03-29 14:41:35.312000+09:00,2022-03-29 14:41:37.982000+09:00,,,0
act:620b7184-b60e-5587-9509-4970dc29eb41,U0209,S0500,14,706,Scan Label,Scan Order Sheet,2022-03-29 14:41:40.368000+09:00,2022-03-29 14:41:40.510000+09:00,,,0
act:41df7674-4ae6-5249-a6b8-4f6b25280833,U0209,S0500,14,707,Scan Label,Scan Printer,2022-03-29 14:41:41.036000+09:00,2022-03-29 14:41:43.550000+09:00,,,0
act:d567e9c2-3c8f-50fe-9bca-18cb7492d00a,U0209,S0500,14,1001,Fill out Order,Pick Up Pen,2022-03-29 14:41:44.288000+09:00,2022-03-29 14:41:44.601000+09:00,,,0
act:ad34db09-612e-5c88-8474-c492fd16864c,U0209,S0500,14,1002,Fill out Order,Write Sign,2022-03-29 14:41:44.700000+09:00,2022-03-29 14:41:50.310000+09:00,,,0
act:0ec7555f-8926-5918-a2ad-44de220e87a3,U0209,S0500,14,1003,Fill out Order,Push Order Sheet into Tray,2022-03-29 14:41:50.580000+09:00,2022-03-29 14:41:51.901000+09:00,,,0
act:ea14e921-a4f6-5e0a-adab-7764aa8675cf,U0209,S0500,14,801,Attach Shipping Label,Pick Up Shipping Label,2022-03-29 14:41:51.915000+09:00,2022-03-29 14:41:52.654000+09:00,,,0
act:eaf7eece-d3dc-5a55-9703-8456f606613f,U0209,S0500,14,802,Attach Shipping Label,Attach Shipping Label,2022-03-29 14:41:52.668000+09:00,2022-03-29 14:41:59.213000+09:00,,,0
act:d8fc53e4-d963-5c10-b02f-ec59695161bc,U0209,S0500,15,107,Picking,Pick Up Box Sheet,2022-03-29 14:41:59.709000+09:00,2022-03-29 14:42:02.297000+09:00,,,0
act:a2c13ae9-dc48-5a3b-b819-ec35abd5bb98,U0209,S0500,15,109,Picking,Put Packed Box,2022-03-29 14:42:03.107000+09:00,2022-03-29 14:42:03.732000+09:00,,,0
act:269d05ca-cdd9-5fb3-8380-366343df20e2,U0209,S0500,15,108,Picking,Walk to Work Bench,2022-03-29 14:42:04.470000+09:00,2022-03-29 14:42:07.368000+09:00,,,0
act:6238fdc6-e2f8-5c29-9c4c-053f4f469776,U0209,S0500,15,103,Picking,Pick Up Item from Box,2022-03-29 14:42:07.382000+09:00,2022-03-29 14:42:11.004000+09:00,,,0
act:af09eb12-bd27-57bb-9a4e-54f0306b08a7,U0209,S0500,15,201,Relocate Item Label,Remove Item Label,2022-03-29 14:42:11.018000+09:00,2022-03-29 14:42:13.134000+09:00,,,0
act:2bfa7bf0-43af-5f68-bced-a48256b4a253,U0209,S0500,15,201,Relocate Item Label,Remove Item Label,2022-03-29 14:42:14.228000+09:00,2022-03-29 14:42:15.165000+09:00,,,0
act:e6c907e2-035b-5056-9955-d1d4a15db034,U0209,S0500,15,201,Relocate Item Label,Remove Item Label,2022-03-29 14:42:16.131000+09:00,2022-03-29 14:42:17.807000+09:00,,,0
act:f2afaf2d-61bf-517f-a548-15ae8d2ca819,U0209,S0500,15,103,Picking,Pick Up Item from Box,2022-03-29 14:42:19.454000+09:00,2022-03-29 14:42:21.031000+09:00,,,0
act:530891e5-56ca-57d7-8e04-3c12102642ec,U0209,S0500,15,201,Relocate Item Label,Remove Item Label,2022-03-29 14:42:21.045000+09:00,2022-03-29 14:42:23.062000+09:00,,,0
act:5e2985dc-8c16-53ed-8fa5-10b4b36a6943,U0209,S0500,15,204,Relocate Item Label,Write Check Mark,2022-03-29 14:42:25.249000+09:00,2022-03-29 14:42:30.291000+09:00,,,0
act:ec17b294-199a-5a6b-aac0-86092824fb5b,U0209,S0500,15,305,Assemble Box,Pick Up Assembled Box,2022-03-29 14:42:31.924000+09:00,2022-03-29 14:42:35.901000+09:00,S,desk,0
act:1b17cca6-1cbf-51d4-bf5a-dcb89da5f7b5,U0209,S0500,15,401,Insert Items,Insert Item into Box,2022-03-29 14:42:36.128000+09:00,2022-03-29 14:42:41.411000+09:00,,,0
act:d1cd14bf-80d8-53c1-bc28-f2e824b432b3,U0209,S0500,15,403,Insert Items,Separate Air Cushion,2022-03-29 14:42:43.684000+09:00,2022-03-29 14:42:45.388000+09:00,,,0
act:aea47bfc-5da7-5281-8113-9b304d701395,U0209,S0500,15,501,Close Box,Bend Flap,2022-03-29 14:42:46.382000+09:00,2022-03-29 14:42:47.362000+09:00,,,0
act:411a5a01-c579-556f-ad5a-39dbfc46f739,U0209,S0500,15,502,Close Box,Attach Tape,2022-03-29 14:42:47.746000+09:00,2022-03-29 14:42:53.214000+09:00,,,0
act:7bcd02d8-7afb-59e7-8146-937f9c8e0ed1,U0209,S0500,15,601,Attach Box Label,Attach Box Label,2022-03-29 14:42:54.464000+09:00,2022-03-29 14:42:57.176000+09:00,,,0
act:517d3b97-5a7e-52c3-acf1-6548f49eb022,U0209,S0500,15,701,Scan Label,Pick Up HT,2022-03-29 14:42:57.972000+09:00,2022-03-29 14:42:58.270000+09:00,,,0
act:ee7003d4-33fb-558e-911c-05624a641ed7,U0209,S0500,15,702,Scan Label,Scan Order Sheet,2022-03-29 14:42:58.469000+09:00,2022-03-29 14:42:59.378000+09:00,,,0
act:9d6f577a-3a35-52db-bba5-f7fbac841c5d,U0209,S0500,15,703,Scan Label,Scan Box,2022-03-29 14:42:59.676000+09:00,2022-03-29 14:43:00.756000+09:00,,,0
act:ac43487a-9afd-5b44-82d6-7eb18f4a98ed,U0209,S0500,15,704,Scan Label,Scan Item,2022-03-29 14:43:01.082000+09:00,2022-03-29 14:43:03.852000+09:00,,,0
act:457bfb7a-92a3-59d7-b5cf-01bca674389b,U0209,S0500,15,706,Scan Label,Scan Order Sheet,2022-03-29 14:43:06.067000+09:00,2022-03-29 14:43:06.280000+09:00,,,0
act:c203f3f7-2ba9-575c-9c11-fc280de3f9b9,U0209,S0500,15,707,Scan Label,Scan Printer,2022-03-29 14:43:06.735000+09:00,2022-03-29 14:43:07.289000+09:00,,,0
act:d64d278f-3f6a-553f-a183-5b42fd29b5ed,U0209,S0500,15,1001,Fill out Order,Pick Up Pen,2022-03-29 14:43:08.084000+09:00,2022-03-29 14:43:08.382000+09:00,,,0
act:89408833-1917-50ad-a67e-958c4d317d70,U0209,S0500,15,1002,Fill out Order,Write Sign,2022-03-29 14:43:08.709000+09:00,2022-03-29 14:43:15.952000+09:00,,,0
act:b53b9824-25b6-5db7-aeaf-c985b90f9ccd,U0209,S0500,15,1003,Fill out Order,Push Order Sheet into Tray,2022-03-29 14:43:16.279000+09:00,2022-03-29 14:43:17.103000+09:00,,,0
act:a24fe164-a78a-5fa3-84f9-ade0db5e60b5,U0209,S0500,15,801,Attach Shipping Label,Pick Up Shipping Label,2022-03-29 14:43:17.117000+09:00,2022-03-29 14:43:17.799000+09:00,,,0
act:1c8180c7-8dd5-5068-92be-c625723f782e,U0209,S0500,15,802,Attach Shipping Label,Attach Shipping Label,2022-03-29 14:43:17.813000+09:00,2022-03-29 14:43:22.684000+09:00,,,0
act:c60d05da-e62d-5ad0-9cc8-0c2645175edf,U0209,S0500,15,901,Put on Back Table,Pick Up Packed Box,2022-03-29 14:43:23.082000+09:00,2022-03-29 14:43:23.380000+09:00,,,0
act:e5726fbe-899c-567f-878c-40abe89a9f5c,U0209,S0500,15,902,Put on Back Table,Put Packed Box,2022-03-29 14:43:24.289000+09:00,2022-03-29 14:43:24.829000+09:00,,,0
act:0ed4cdf4-7e0d-5b6f-9e84-c9698c7c9608,U0209,S0500,16,101,Picking,Pick Up Sheet,2022-03-29 14:43:26.008000+09:00,2022-03-29 14:43:27.925000+09:00,,,0
act:27d3b202-5496-5384-abce-2a60328289fc,U0209,S0500,16,103,Picking,Pick Up Item from Box,2022-03-29 14:43:29.772000+09:00,2022-03-29 14:43:30.638000+09:00,,,0
act:0cd7158d-a96b-5166-a030-e5008fc769ff,U0209,S0500,16,201,Relocate Item Label,Remove Item Label,2022-03-29 14:43:30.652000+09:00,2022-03-29 14:43:30.965000+09:00,,,0
act:906003a3-964b-5bcc-bb33-8417c86d2d9c,U0209,S0500,16,204,Relocate Item Label,Write Check Mark,2022-03-29 14:43:32.144000+09:00,2022-03-29 14:43:33.223000+09:00,,,0
act:8a86d77f-697f-50ec-b764-690b603a54b3,U0209,S0500,16,301,Assemble Box,Pick Cardboard,2022-03-29 14:43:34.146000+09:00,2022-03-29 14:43:35.765000+09:00,S,,0
act:d9d4b3fa-9342-591d-97dc-56ecd6afae1d,U0209,S0500,16,302,Assemble Box,Bend Flap,2022-03-29 14:43:35.779000+09:00,2022-03-29 14:43:37.242000+09:00,,desk,0
act:e94bca06-06bc-5862-8f15-0b1d30087acc,U0209,S0500,16,303,Assemble Box,Attach Tape,2022-03-29 14:43:38.407000+09:00,2022-03-29 14:43:42.938000+09:00,,,0
act:9a25e218-0a53-50f0-a3e3-22c6a1dac07d,U0209,S0500,16,304,Assemble Box,Turn Over Box,2022-03-29 14:43:43.122000+09:00,2022-03-29 14:43:43.577000+09:00,,,0
act:624e01cf-50c6-519b-b9d5-965b13f82163,U0209,S0500,16,401,Insert Items,Insert Item into Box,2022-03-29 14:43:43.918000+09:00,2022-03-29 14:43:44.954000+09:00,,,0
act:efe45ca4-cdf8-5c88-8c40-5a0e2cba829e,U0209,S0500,16,403,Insert Items,Separate Air Cushion,2022-03-29 14:43:47.724000+09:00,2022-03-29 14:43:48.292000+09:00,,,0
act:550ccddf-d753-5ba9-a247-330df65089e3,U0209,S0500,16,501,Close Box,Bend Flap,2022-03-29 14:43:49.698000+09:00,2022-03-29 14:43:51.900000+09:00,,,0
act:97980831-851d-5c64-9967-d7b7de7b70d0,U0209,S0500,16,502,Close Box,Attach Tape,2022-03-29 14:43:52.397000+09:00,2022-03-29 14:43:57.197000+09:00,,,0
act:13cd9aaf-ed60-54ed-8c4b-d51c172baf42,U0209,S0500,16,601,Attach Box Label,Attach Box Label,2022-03-29 14:43:58.362000+09:00,2022-03-29 14:44:01.046000+09:00,,,0
act:c44dff03-7184-51dc-b132-76ca1763e6b0,U0209,S0500,16,701,Scan Label,Pick Up HT,2022-03-29 14:44:01.515000+09:00,2022-03-29 14:44:01.813000+09:00,,,0
act:4b86a481-496f-5bbd-aa57-4a5b4c67c99b,U0209,S0500,16,702,Scan Label,Scan Order Sheet,2022-03-29 14:44:02.040000+09:00,2022-03-29 14:44:03.389000+09:00,,,0
act:e21af85b-e465-50e4-a389-b500029019cd,U0209,S0500,16,703,Scan Label,Scan Box,2022-03-29 14:44:03.745000+09:00,2022-03-29 14:44:04.171000+09:00,,,0
act:e07c850e-2ec6-52cd-8e01-d8d762d19e31,U0209,S0500,16,704,Scan Label,Scan Item,2022-03-29 14:44:04.582000+09:00,2022-03-29 14:44:05.037000+09:00,,,0
act:9925d80f-1457-5d12-8f8c-92108dc43f50,U0209,S0500,16,706,Scan Label,Scan Order Sheet,2022-03-29 14:44:07.196000+09:00,2022-03-29 14:44:07.366000+09:00,,,0
act:7754e3cf-b0ac-5c7f-8df2-7ab6b4af6652,U0209,S0500,16,707,Scan Label,Scan Printer,2022-03-29 14:44:07.906000+09:00,2022-03-29 14:44:08.233000+09:00,,,0
act:d5ed017b-459e-5378-babd-4a040ac2b3e4,U0209,S0500,16,1001,Fill out Order,Pick Up Pen,2022-03-29 14:44:08.971000+09:00,2022-03-29 14:44:09.269000+09:00,,,0
act:b7f221ad-e27c-5dc8-9ad4-edb4cd6e957a,U0209,S0500,16,1002,Fill out Order,Write Sign,2022-03-29 14:44:09.284000+09:00,2022-03-29 14:44:11.712000+09:00,,,0
act:a9255786-2536-55e1-903c-907564a1e3cb,U0209,S0500,16,1003,Fill out Order,Push Order Sheet into Tray,2022-03-29 14:44:12.124000+09:00,2022-03-29 14:44:13.005000+09:00,,,0
act:95141550-0975-5648-82a6-0fbd5528fab0,U0209,S0500,16,801,Attach Shipping Label,Pick Up Shipping Label,2022-03-29 14:44:13.019000+09:00,2022-03-29 14:44:13.928000+09:00,,,0
act:e0317b10-21a7-5b30-a28b-64db0cb00507,U0209,S0500,16,802,Attach Shipping Label,Attach Shipping Label,2022-03-29 14:44:13.942000+09:00,2022-03-29 14:44:17.990000+09:00,,,0
act:782809fd-6090-55fa-97fe-1e8ea4d56019,U0209,S0500,17,107,Picking,Pick Up Box Sheet,2022-03-29 14:44:20.290000+09:00,2022-03-29 14:44:21.697000+09:00,,,0
act:6f657087-51ec-5c90-9159-6aeed330e6b1,U0209,S0500,17,109,Picking,Put Packed Box,2022-03-29 14:44:22.393000+09:00,2022-03-29 14:44:22.918000+09:00,,,0
act:75f2ae48-4865-55fa-b8f3-8be5fdb2c240,U0209,S0500,17,108,Picking,Walk to Work Bench,2022-03-29 14:44:23.572000+09:00,2022-03-29 14:44:28.898000+09:00,,,0
act:0aa1a56c-f23b-51e7-ad99-d07012fd4afa,U0209,S0500,17,201,Relocate Item Label,Remove Item Label,2022-03-29 14:44:28.912000+09:00,2022-03-29 14:44:30.971000+09:00,,,0
act:eb3e8498-9795-53b0-97b1-923e52632283,U0209,S0500,17,204,Relocate Item Label,Write Check Mark,2022-03-29 14:44:32.122000+09:00,2022-03-29 14:44:33.443000+09:00,,,0
act:f5b67c3c-5b30-5ef8-869d-038065df7435,U0209,S0500,17,301,Assemble Box,Pick Cardboard,2022-03-29 14:44:34.408000+09:00,2022-03-29 14:44:36.525000+09:00,S,,0
act:67e029f1-e1be-5158-aef5-3feef1affef5,U0209,S0500,17,302,Assemble Box,Bend Flap,2022-03-29 14:44:37.135000+09:00,2022-03-29 14:44:37.931000+09:00,,desk,0
act:6c3428ac-6fd7-540e-ab2f-ec0020243825,U0209,S0500,17,303,Assemble Box,Attach Tape,2022-03-29 14:44:38.257000+09:00,2022-03-29 14:44:43.626000+09:00,,,0
act:46e09e13-d53f-57a7-802e-9f7355719e85,U0209,S0500,17,304,Assemble Box,Turn Over Box,2022-03-29 14:44:44.563000+09:00,2022-03-29 14:44:45.927000+09:00,,,0
act:3453275d-db4c-5b48-8cec-56dc6b098218,U0209,S0500,17,404,Insert Items,Put Item Small Bag,2022-03-29 14:44:46.992000+09:00,2022-03-29 14:44:52.616000+09:00,,,0
act:e11d7f4e-30e0-5859-8cf3-f92877caaad5,U0209,S0500,17,401,Insert Items,Insert Item into Box,2022-03-29 14:44:52.630000+09:00,2022-03-29 14:44:53.184000+09:00,,,0
act:47e54123-81be-50bc-a426-4e688955517a,U0209,S0500,17,501,Close Box,Bend Flap,2022-03-29 14:44:55.400000+09:00,2022-03-29 14:44:56.451000+09:00,,,0
act:21b0a3f4-ec50-53dd-8e1b-99731e35c4de,U0209,S0500,17,502,Close Box,Attach Tape,2022-03-29 14:44:57.019000+09:00,2022-03-29 14:45:01.308000+09:00,,,0
act:34a04825-863c-5e9f-8dde-789bc4701e88,U0209,S0500,17,601,Attach Box Label,Attach Box Label,2022-03-29 14:45:02.530000+09:00,2022-03-29 14:45:05.200000+09:00,,,0
act:f4cbf642-8e76-53a8-bf19-8de9f70da31d,U0209,S0500,17,701,Scan Label,Pick Up HT,2022-03-29 14:45:08.197000+09:00,2022-03-29 14:45:08.509000+09:00,,,0
act:61ac9d92-47dc-56af-8908-6f319e9b6ef1,U0209,S0500,17,702,Scan Label,Scan Order Sheet,2022-03-29 14:45:08.608000+09:00,2022-03-29 14:45:09.276000+09:00,,,0
act:0edfa4b2-5d5d-526f-803f-29ac6428b98a,U0209,S0500,17,703,Scan Label,Scan Box,2022-03-29 14:45:09.532000+09:00,2022-03-29 14:45:10.966000+09:00,,,0
act:6e0e699d-621e-5dad-abb8-6bbb50abe1b3,U0209,S0500,17,704,Scan Label,Scan Item,2022-03-29 14:45:11.307000+09:00,2022-03-29 14:45:12.386000+09:00,,,0
act:daeea8bf-9f1a-57c2-8a32-9de98bd9edd2,U0209,S0500,17,706,Scan Label,Scan Order Sheet,2022-03-29 14:45:14.190000+09:00,2022-03-29 14:45:14.829000+09:00,,,0
act:40ed6451-4244-54d7-898a-bb78c0f6f3b4,U0209,S0500,17,707,Scan Label,Scan Printer,2022-03-29 14:45:15.298000+09:00,2022-03-29 14:45:15.568000+09:00,,,0
act:c04458ab-3599-58d1-a269-ffe206bb74cd,U0209,S0500,17,1001,Fill out Order,Pick Up Pen,2022-03-29 14:45:16.193000+09:00,2022-03-29 14:45:16.491000+09:00,,,0
act:390ebc67-f87c-537c-9cc3-8eddb160ca91,U0209,S0500,17,1002,Fill out Order,Write Sign,2022-03-29 14:45:16.534000+09:00,2022-03-29 14:45:18.650000+09:00,,,0
act:879a0af8-4b82-5de6-8bda-eca40ecd04e1,U0209,S0500,17,1003,Fill out Order,Push Order Sheet into Tray,2022-03-29 14:45:19.189000+09:00,2022-03-29 14:45:20.525000+09:00,,,0
act:eec2bff7-6511-50db-ba62-2356e0d353a6,U0209,S0500,17,801,Attach Shipping Label,Pick Up Shipping Label,2022-03-29 14:45:20.539000+09:00,2022-03-29 14:45:21.178000+09:00,,,0
act:9a919623-e8e7-50b5-9c51-5345d2db8cd8,U0209,S0500,17,802,Attach Shipping Label,Attach Shipping Label,2022-03-29 14:45:21.192000+09:00,2022-03-29 14:45:26.120000+09:00,,,0
act:dd41a45e-ad81-5bbe-8e0b-f21c9df9aa50,U0209,S0500,18,107,Picking,Pick Up Box Sheet,2022-03-29 14:45:29.460000+09:00,2022-03-29 14:45:32+09:00,,,0
act:6e4ed015-7a4e-5fb7-a340-811838001a24,U0209,S0500,18,109,Picking,Put Packed Box,2022-03-29 14:45:32.725000+09:00,2022-03-29 14:45:33.236000+09:00,,,0
act:c15df345-ff25-56cd-afc8-75b36e34198b,U0209,S0500,18,108,Picking,Walk to Work Bench,2022-03-29 14:45:34.216000+09:00,2022-03-29 14:45:36.702000+09:00,,,0
act:a5d4ef40-552f-5eef-8614-db293568c00c,U0209,S0500,18,201,Relocate Item Label,Remove Item Label,2022-03-29 14:45:36.716000+09:00,2022-03-29 14:45:38.605000+09:00,,,0
act:7e52fb69-bc48-59ad-a92e-ca120bc71e31,U0209,S0500,18,201,Relocate Item Label,Remove Item Label,2022-03-29 14:45:39.656000+09:00,2022-03-29 14:45:41.815000+09:00,,,0
act:547f7e2e-ea4b-54c0-9299-cbd1641dc80b,U0209,S0500,18,201,Relocate Item Label,Remove Item Label,2022-03-29 14:45:43.206000+09:00,2022-03-29 14:45:44.272000+09:00,,,0
act:395e7d93-1e5b-554b-b172-97f84e821c10,U0209,S0500,18,204,Relocate Item Label,Write Check Mark,2022-03-29 14:45:46.104000+09:00,2022-03-29 14:45:49.129000+09:00,,,0
act:51da475c-f5e1-5c1b-8fa4-f47b84745bcb,U0209,S0500,18,205,Relocate Item Label,Put Item Small Bag,2022-03-29 14:45:49.740000+09:00,2022-03-29 14:45:58.617000+09:00,,,0
act:e28ff5fd-5caf-5a73-80a7-478a1a9a03dd,U0209,S0500,18,301,Assemble Box,Pick Cardboard,2022-03-29 14:45:59.299000+09:00,2022-03-29 14:46:00.818000+09:00,M,,0
act:a8edafa8-eee9-5b3a-bfa9-17127a37f75d,U0209,S0500,18,302,Assemble Box,Bend Flap,2022-03-29 14:46:00.932000+09:00,2022-03-29 14:46:02.423000+09:00,,desk,0
act:db872518-faae-5b6e-a82e-b40f3dffa3b8,U0209,S0500,18,303,Assemble Box,Attach Tape,2022-03-29 14:46:03.531000+09:00,2022-03-29 14:46:08.971000+09:00,,,0
act:b63a5e00-d26b-584f-9afc-be24a8ead5f6,U0209,S0500,18,304,Assemble Box,Turn Over Box,2022-03-29 14:46:09.411000+09:00,2022-03-29 14:46:11.229000+09:00,,,0
act:dd400ee1-7706-5a19-b92d-16e51a1379f5,U0209,S0500,18,401,Insert Items,Insert Item into Box,2022-03-29 14:46:11.612000+09:00,2022-03-29 14:46:14.936000+09:00,,,0
act:3a9b3c2e-3683-56cf-b0a7-a9248425ddb5,U0209,S0500,18,501,Close Box,Bend Flap,2022-03-29 14:46:17.805000+09:00,2022-03-29 14:46:18.998000+09:00,,,0
act:45082ffc-c213-51ee-8ba9-3d605667c752,U0209,S0500,18,502,Close Box,Attach Tape,2022-03-29 14:46:19.410000+09:00,2022-03-29 14:46:24.622000+09:00,,,0
act:9da85da1-3034-53a7-b7b4-e39cfe453823,U0209,S0500,18,601,Attach Box Label,Attach Box Label,2022-03-29 14:46:27.221000+09:00,2022-03-29 14:46:29.167000+09:00,,,0
act:95453439-2f45-5b53-948e-beac7dbd4288,U0209,S0500,18,701,Scan Label,Pick Up HT,2022-03-29 14:46:29.777000+09:00,2022-03-29 14:46:30.090000+09:00,,,0
act:e4da05aa-4da2-5218-9d40-b572dbba93c1,U0209,S0500,18,702,Scan Label,Scan Order Sheet,2022-03-29 14:46:30.289000+09:00,2022-03-29 14:46:30.715000+09:00,,,0
act:63529b07-a8ab-5061-a4ce-5e9d7b108396,U0209,S0500,18,703,Scan Label,Scan Box,2022-03-29 14:46:31.098000+09:00,2022-03-29 14:46:32.462000+09:00,,,0
act:204f2bd9-5b53-53c4-a497-8dd61c860737,U0209,S0500,18,704,Scan Label,Scan Item,2022-03-29 14:46:32.817000+09:00,2022-03-29 14:46:35.331000+09:00,,,0
act:5904f57b-7fa1-5787-acd9-137ff5209ebd,U0209,S0500,18,706,Scan Label,Scan Order Sheet,2022-03-29 14:46:37.376000+09:00,2022-03-29 14:46:37.717000+09:00,,,0
act:3c165e8c-84cd-506d-8418-14104276f782,U0209,S0500,18,707,Scan Label,Scan Printer,2022-03-29 14:46:38.214000+09:00,2022-03-29 14:46:38.555000+09:00,,,0
act:d04df5a1-e6e7-5e7d-afc4-629e42c5427e,U0209,S0500,18,1001,Fill out Order,Pick Up Pen,2022-03-29 14:46:39.236000+09:00,2022-03-29 14:46:39.535000+09:00,,,0
act:1da5e03f-3d0e-5b7d-87e2-ecb0fe2721b2,U0209,S0500,18,1002,Fill out Order,Write Sign,2022-03-29 14:46:39.719000+09:00,2022-03-29 14:46:45.855000+09:00,,,0
act:ec8f4658-1641-53cb-8aae-29dcbbf23493,U0209,S0500,18,1003,Fill out Order,Push Order Sheet into Tray,2022-03-29 14:46:46.182000+09:00,2022-03-29 14:46:47.815000+09:00,,,0
act:46cba1ab-561d-5b50-8f1e-424b0eb26784,U0209,S0500,18,801,Attach Shipping Label,Pick Up Shipping Label,2022-03-29 14:46:48.184000+09:00,2022-03-29 14:46:50.286000+09:00,,,0
act:9463c577-1010-583f-834c-72ea4ed1e934,U0209,S0500,18,802,Attach Shipping Label,Attach Shipping Label,2022-03-29 14:46:50.300000+09:00,2022-03-29 14:46:55.726000+09:00,,,0
act:4101d5a5-93b2-5964-82e9-316a24a973ef,U0209,S0500,19,107,Picking,Pick Up Box Sheet,2022-03-29 14:46:56.045000+09:00,2022-03-29 14:46:57.828000+09:00,,,0
act:d0d87ccf-886a-58f7-9728-344176cf18bf,U0209,S0500,19,109,Picking,Put Packed Box,2022-03-29 14:46:58.666000+09:00,2022-03-29 14:46:59.177000+09:00,,,0
act:060ad1fa-498e-53ca-a723-d8b0e7cd791d,U0209,S0500,19,108,Picking,Walk to Work Bench,2022-03-29 14:47:00.143000+09:00,2022-03-29 14:47:01.847000+09:00,,,0
act:28e08a51-d3d6-59c0-a183-08e7a928731e,U0209,S0500,19,201,Relocate Item Label,Remove Item Label,2022-03-29 14:47:01.861000+09:00,2022-03-29 14:47:02.998000+09:00,,,0
act:e453c973-ca85-5c06-8fb1-c43530fb81a9,U0209,S0500,19,204,Relocate Item Label,Write Check Mark,2022-03-29 14:47:04.191000+09:00,2022-03-29 14:47:05.369000+09:00,,,0
act:ec815463-5ed4-580e-9d9c-bb485109b8f1,U0209,S0500,19,301,Assemble Box,Pick Cardboard,2022-03-29 14:47:07.201000+09:00,2022-03-29 14:47:08.039000+09:00,S,,0
act:a28c3a58-2ad6-58b5-b814-ffe7b48977a2,U0209,S0500,19,302,Assemble Box,Bend Flap,2022-03-29 14:47:08.650000+09:00,2022-03-29 14:47:09.886000+09:00,,desk,0
act:3c7134e9-c66c-5e1e-ae5b-f5ab3bf3e580,U0209,S0500,19,303,Assemble Box,Attach Tape,2022-03-29 14:47:10.070000+09:00,2022-03-29 14:47:14.232000+09:00,,,0
act:3f1e4ab0-ff20-524c-9033-387e40ce94c9,U0209,S0500,19,304,Assemble Box,Turn Over Box,2022-03-29 14:47:14.914000+09:00,2022-03-29 14:47:16.391000+09:00,,,0
act:117520fa-131c-5f25-a2d4-babfc177bdf9,U0209,S0500,19,401,Insert Items,Insert Item into Box,2022-03-29 14:47:16.675000+09:00,2022-03-29 14:47:17.981000+09:00,,,0
act:66304436-4f1a-5620-be4c-f46dc313a29a,U0209,S0500,19,501,Close Box,Bend Flap,2022-03-29 14:47:19.799000+09:00,2022-03-29 14:47:22.001000+09:00,,,0
act:b66aace9-2796-55fe-872d-9b66a8f7b3a7,U0209,S0500,19,502,Close Box,Attach Tape,2022-03-29 14:47:22.313000+09:00,2022-03-29 14:47:27.653000+09:00,,,0
act:28526885-a416-5f9e-8052-52ccbebeeb37,U0209,S0500,19,601,Attach Box Label,Attach Box Label,2022-03-29 14:47:29.500000+09:00,2022-03-29 14:47:31.417000+09:00,,,0
act:fb8ace35-d7d3-50b8-820e-dfb08ded8d4a,U0209,S0500,19,701,Scan Label,Pick Up HT,2022-03-29 14:47:31.673000+09:00,2022-03-29 14:47:31.985000+09:00,,,0
act:c19e9c62-65b8-553f-9d23-6363293a7005,U0209,S0500,19,702,Scan Label,Scan Order Sheet,2022-03-29 14:47:32.298000+09:00,2022-03-29 14:47:33.462000+09:00,,,0
act:63bb838b-dad8-5c83-b9fb-a3fea2a58461,U0209,S0500,19,703,Scan Label,Scan Box,2022-03-29 14:47:33.874000+09:00,2022-03-29 14:47:34.769000+09:00,,,0
act:9709c2a1-266e-5c3a-9c94-0d05698ab064,U0209,S0500,19,704,Scan Label,Scan Item,2022-03-29 14:47:34.954000+09:00,2022-03-29 14:47:35.962000+09:00,,,0
act:04338bed-fdc3-5fc4-bb15-58bb078c8516,U0209,S0500,19,706,Scan Label,Scan Order Sheet,2022-03-29 14:47:38.646000+09:00,2022-03-29 14:47:38.944000+09:00,,,0
act:1e295c06-55e6-5c23-bb74-98689734b321,U0209,S0500,19,707,Scan Label,Scan Printer,2022-03-29 14:47:39.584000+09:00,2022-03-29 14:47:40.010000+09:00,,,0
act:c79917d4-d962-50d0-a48c-f21ae4a6a4d2,U0209,S0500,19,1001,Fill out Order,Pick Up Pen,2022-03-29 14:47:40.791000+09:00,2022-03-29 14:47:41.103000+09:00,,,0
act:806222dd-4408-5b99-93ba-b8b04f38edb0,U0209,S0500,19,1002,Fill out Order,Write Sign,2022-03-29 14:47:41.373000+09:00,2022-03-29 14:47:43.617000+09:00,,,0
act:5f1ee74b-40e6-5a26-bf60-769f741e2610,U0209,S0500,19,1003,Fill out Order,Push Order Sheet into Tray,2022-03-29 14:47:43.915000+09:00,2022-03-29 14:47:45.364000+09:00,,,0
act:3e2579c3-81bf-5f06-ad5b-bd9e6aa2d9ca,U0209,S0500,19,801,Attach Shipping Label,Pick Up Shipping Label,2022-03-29 14:47:45.378000+09:00,2022-03-29 14:47:45.904000+09:00,,,0
act:ee1ef754-5a3d-50b5-aae8-a8f99ea62335,U0209,S0500,19,802,Attach Shipping Label,Attach Shipping Label,2022-03-29 14:47:45.918000+09:00,2022-03-29 14:47:49.352000+09:00,,,0
act:565124c0-dcb8-5dcc-851a-3958d10c1ea0,U0209,S0500,20,107,Picking,Pick Up Box Sheet,2022-03-29 14:47:49.452000+09:00,2022-03-29 14:47:50.264000+09:00,,,0
act:bda99624-5e99-5299-a3cb-a32598259b44,U0209,S0500,20,109,Picking,Put Packed Box,2022-03-29 14:47:50.861000+09:00,2022-03-29 14:47:51.514000+09:00,,,0
act:cc8c2da5-3d72-55a4-9dba-18b97ee1ebf8,U0209,S0500,20,108,Picking,Walk to Work Bench,2022-03-29 14:47:52.550000+09:00,2022-03-29 14:47:55.164000+09:00,,,0
act:1d0914b8-2087-5ebb-99d4-0993c38a012c,U0209,S0500,20,201,Relocate Item Label,Remove Item Label,2022-03-29 14:47:55.178000+09:00,2022-03-29 14:47:56.357000+09:00,,,0
act:74d53b75-3f28-5920-8d62-2f8e4edb42a1,U0209,S0500,20,204,Relocate Item Label,Write Check Mark,2022-03-29 14:47:58.061000+09:00,2022-03-29 14:47:59.410000+09:00,,,0
act:2ec50e03-25dd-5430-94b3-ffe9bac2002a,U0209,S0500,20,305,Assemble Box,Pick Up Assembled Box,2022-03-29 14:47:59.978000+09:00,2022-03-29 14:48:02.606000+09:00,L,floor,0
act:21def9fc-c497-527f-b1e4-43f09ae9ea39,U0209,S0500,20,401,Insert Items,Insert Item into Box,2022-03-29 14:48:03.330000+09:00,2022-03-29 14:48:04.921000+09:00,,,0
act:6c0b8fa7-213e-5daa-a432-ba922b9aa651,U0209,S0500,20,501,Close Box,Bend Flap,2022-03-29 14:48:06.938000+09:00,2022-03-29 14:48:09.778000+09:00,,,0
act:8fb3b478-02ea-500a-9823-76f545fe9df8,U0209,S0500,20,502,Close Box,Attach Tape,2022-03-29 14:48:10.943000+09:00,2022-03-29 14:48:16.283000+09:00,,,0
act:d011d2fa-c6be-5ca3-8e1d-d8a1fb05b328,U0209,S0500,20,601,Attach Box Label,Attach Box Label,2022-03-29 14:48:18.541000+09:00,2022-03-29 14:48:20.331000+09:00,,,0
act:424ad7e9-3cd9-5e57-8645-3f303a730875,U0209,S0500,20,701,Scan Label,Pick Up HT,2022-03-29 14:48:21.098000+09:00,2022-03-29 14:48:21.396000+09:00,,,0
act:05064912-5931-5196-b731-3e3feffb6c34,U0209,S0500,20,702,Scan Label,Scan Order Sheet,2022-03-29 14:48:21.666000+09:00,2022-03-29 14:48:22.177000+09:00,,,0
act:e0f1c580-50d4-5678-ae7a-b7685d8d0702,U0209,S0500,20,703,Scan Label,Scan Box,2022-03-29 14:48:22.518000+09:00,2022-03-29 14:48:26.892000+09:00,,,0
act:52d1c15e-a5a7-5c9c-9887-2d55ec3df123,U0209,S0500,20,704,Scan Label,Scan Item,2022-03-29 14:48:27.219000+09:00,2022-03-29 14:48:27.887000+09:00,,,0
act:1b0e037b-f3e8-50a6-9760-4e4da9c4ccda,U0209,S0500,20,706,Scan Label,Scan Order Sheet,2022-03-29 14:48:29.903000+09:00,2022-03-29 14:48:30.074000+09:00,,,0
act:82548ed7-515a-596c-a379-a000917b8742,U0209,S0500,20,707,Scan Label,Scan Printer,2022-03-29 14:48:30.628000+09:00,2022-03-29 14:48:30.912000+09:00,,,0
act:2be4836d-831a-507c-93ea-ef4eeed85b1d,U0209,S0500,20,1001,Fill out Order,Pick Up Pen,2022-03-29 14:48:31.480000+09:00,2022-03-29 14:48:31.792000+09:00,,,0
act:18762d88-5a89-59db-88d8-89e411eacd37,U0209,S0500,20,1002,Fill out Order,Write Sign,2022-03-29 14:48:31.920000+09:00,2022-03-29 14:48:34.093000+09:00,,,0
act:1d5ffcbf-c2c7-5b99-bc99-d7b981890c25,U0209,S0500,20,1003,Fill out Order,Push Order Sheet into Tray,2022-03-29 14:48:34.448000+09:00,2022-03-29 14:48:35.073000+09:00,,,0
act:fff06ffb-7237-5447-bb99-a6be3b19d389,U0209,S0500,20,801,Attach Shipping Label,Pick Up Shipping Label,2022-03-29 14:48:35.087000+09:00,2022-03-29 14:48:36.209000+09:00,,,0
act:8946ac93-f8ca-530e-915e-b19bc9da3618,U0209,S0500,20,802,Attach Shipping Label,Attach Shipping Label,2022-03-29 14:48:36.224000+09:00,2022-03-29 14:48:40.882000+09:00,,,0
act:cf740a95-f2a8-5470-8cec-be949fc5434e,U0209,S0500,20,901,Put on Back Table,Pick Up Packed Box,2022-03-29 14:48:41.152000+09:00,2022-03-29 14:48:41.464000+09:00,,,0
act:a41071d3-2b43-5684-87b5-0dd3fd901caa,U0209,S0500,20,902,Put on Back Table,Put Packed Box,2022-03-29 14:48:42.473000+09:00,2022-03-29 14:48:43.453000+09:00,,,0
