unixtime,user,session,box,operation
1634885786000,102,500,1,100
1634885787000,102,500,1,100
1634885788000,102,500,1,100
1634885789000,102,500,1,100
1634885790000,102,500,1,100
1634885791000,102,500,1,100
1634885792000,102,500,1,100
1634885793000,102,500,1,100
1634885794000,102,500,1,100
1634885795000,102,500,1,100
1634885796000,102,500,1,200
1634885797000,102,500,1,200
1634885798000,102,500,1,200
1634885799000,102,500,1,200
1634885800000,102,500,1,200
1634885801000,102,500,1,200
1634885802000,102,500,1,200
1634885803000,102,500,1,200
1634885804000,102,500,1,300
1634885805000,102,500,1,300
1634885806000,102,500,1,300
1634885807000,102,500,1,300
1634885808000,102,500,1,300
1634885809000,102,500,1,300
1634885810000,102,500,1,300
1634885811000,102,500,1,300
1634885812000,102,500,1,300
1634885813000,102,500,1,300
1634885814000,102,500,1,300
1634885815000,102,500,1,300
1634885816000,102,500,1,300
1634885817000,102,500,1,300
1634885818000,102,500,1,300
1634885819000,102,500,1,400
1634885820000,102,500,1,400
1634885821000,102,500,1,400
1634885822000,102,500,1,400
1634885823000,102,500,1,400
1634885824000,102,500,1,400
1634885825000,102,500,1,500
1634885826000,102,500,1,500
1634885827000,102,500,1,500
1634885828000,102,500,1,500
1634885829000,102,500,1,500
1634885830000,102,500,1,500
1634885831000,102,500,1,500
1634885832000,102,500,1,500
1634885833000,102,500,1,500
1634885834000,102,500,1,500
1634885835000,102,500,1,500
1634885836000,102,500,1,600
1634885837000,102,500,1,600
1634885838000,102,500,1,600
1634885839000,102,500,1,700
1634885840000,102,500,1,700
1634885841000,102,500,1,700
1634885842000,102,500,1,700
1634885843000,102,500,1,700
1634885844000,102,500,1,700
1634885845000,102,500,1,700
1634885846000,102,500,1,700
1634885847000,102,500,1,700
1634885848000,102,500,1,700
1634885849000,102,500,1,700
1634885850000,102,500,1,700
1634885851000,102,500,1,700
1634885852000,102,500,1,700
1634885853000,102,500,1,700
1634885854000,102,500,1,700
1634885855000,102,500,1,700
1634885856000,102,500,1,800
1634885857000,102,500,1,800
1634885858000,102,500,1,800
1634885859000,102,500,1,800
1634885860000,102,500,1,800
1634885861000,102,500,1,800
1634885862000,102,500,1,800
1634885863000,102,500,1,800
1634885864000,102,500,1,800
1634885865000,102,500,1,900
1634885866000,102,500,1,900
1634885867000,102,500,1,900
1634885868000,102,500,1,900
1634885869000,102,500,1,1000
1634885870000,102,500,1,1000
1634885871000,102,500,1,1000
1634885872000,102,500,1,1000
1634885873000,102,500,1,1000
1634885874000,102,500,1,1000
1634885875000,102,500,2,100
1634885876000,102,500,2,100
1634885877000,102,500,2,100
1634885878000,102,500,2,100
1634885879000,102,500,2,100
1634885880000,102,500,2,100
1634885881000,102,500,2,100
1634885882000,102,500,2,200
1634885883000,102,500,2,200
1634885884000,102,500,2,200
1634885885000,102,500,2,200
1634885886000,102,500,2,200
1634885887000,102,500,2,200
1634885888000,102,500,2,200
1634885889000,102,500,2,200
1634885890000,102,500,2,200
1634885891000,102,500,2,200
1634885892000,102,500,2,300
1634885893000,102,500,2,300
1634885894000,102,500,2,300
1634885895000,102,500,2,300
1634885896000,102,500,2,300
1634885897000,102,500,2,300
1634885898000,102,500,2,300
1634885899000,102,500,2,300
1634885900000,102,500,2,300
1634885901000,102,500,2,300
1634885902000,102,500,2,300
1634885903000,102,500,2,300
1634885904000,102,500,2,300
1634885905000,102,500,2,300
1634885906000,102,500,2,300
1634885907000,102,500,2,300
1634885908000,102,500,2,400
1634885909000,102,500,2,400
1634885910000,102,500,2,400
1634885911000,102,500,2,400
1634885912000,102,500,2,400
1634885913000,102,500,2,500
1634885914000,102,500,2,500
1634885915000,102,500,2,500
1634885916000,102,500,2,500
1634885917000,102,500,2,500
1634885918000,102,500,2,500
1634885919000,102,500,2,500
1634885920000,102,500,2,500
1634885921000,102,500,2,500
1634885922000,102,500,2,500
1634885923000,102,500,2,500
1634885924000,102,500,2,500
1634885925000,102,500,2,600
1634885926000,102,500,2,600
1634885927000,102,500,2,600
1634885928000,102,500,2,600
1634885929000,102,500,2,600
1634885930000,102,500,2,700
1634885931000,102,500,2,700
1634885932000,102,500,2,700
1634885933000,102,500,2,700
1634885934000,102,500,2,700
1634885935000,102,500,2,700
1634885936000,102,500,2,700
1634885937000,102,500,2,700
1634885938000,102,500,2,700
1634885939000,102,500,2,700
1634885940000,102,500,2,700
1634885941000,102,500,2,700
1634885942000,102,500,2,700
1634885943000,102,500,2,800
1634885944000,102,500,2,800
1634885945000,102,500,2,800
1634885946000,102,500,2,800
1634885947000,102,500,2,800
1634885948000,102,500,2,800
1634885949000,102,500,2,900
1634885950000,102,500,2,900
1634885951000,102,500,2,900
1634885952000,102,500,2,900
1634885953000,102,500,2,900
1634885954000,102,500,2,1000
1634885955000,102,500,2,1000
1634885956000,102,500,2,1000
1634885957000,102,500,2,1000
1634885958000,102,500,2,1000
1634885959000,102,500,2,1000
1634885960000,102,500,3,100
1634885961000,102,500,3,100
1634885962000,102,500,3,100
1634885963000,102,500,3,100
1634885964000,102,500,3,100
1634885965000,102,500,3,100
1634885966000,102,500,3,100
1634885967000,102,500,3,100
1634885968000,102,500,3,100
1634885969000,102,500,3,100
1634885970000,102,500,3,100
1634885971000,102,500,3,100
1634885972000,102,500,3,100
1634885973000,102,500,3,100
1634885974000,102,500,3,100
1634885975000,102,500,3,100
1634885976000,102,500,3,100
1634885977000,102,500,3,100
1634885978000,102,500,3,100
1634885979000,102,500,3,100
1634885980000,102,500,3,100
1634885981000,102,500,3,100
1634885982000,102,500,3,200
1634885983000,102,500,3,200
1634885984000,102,500,3,200
1634885985000,102,500,3,200
1634885986000,102,500,3,200
1634885987000,102,500,3,200
1634885988000,102,500,3,200
1634885989000,102,500,3,200
1634885990000,102,500,3,200
1634885991000,102,500,3,200
1634885992000,102,500,3,200
1634885993000,102,500,3,200
1634885994000,102,500,3,200
1634885995000,102,500,3,200
1634885996000,102,500,3,200
1634885997000,102,500,3,200
1634885998000,102,500,3,200
1634885999000,102,500,3,200
1634886000000,102,500,3,200
1634886001000,102,500,3,200
1634886002000,102,500,3,200
1634886003000,102,500,3,200
1634886004000,102,500,3,200
1634886005000,102,500,3,200
1634886006000,102,500,3,200
1634886007000,102,500,3,200
1634886008000,102,500,3,200
1634886009000,102,500,3,200
1634886010000,102,500,3,200
1634886011000,102,500,3,200
1634886012000,102,500,3,200
1634886013000,102,500,3,200
1634886014000,102,500,3,200
1634886015000,102,500,3,200
1634886016000,102,500,3,200
1634886017000,102,500,3,200
1634886018000,102,500,3,200
1634886019000,102,500,3,200
1634886020000,102,500,3,200
1634886021000,102,500,3,200
1634886022000,102,500,3,200
1634886023000,102,500,3,200
1634886024000,102,500,3,200
1634886025000,102,500,3,200
1634886026000,102,500,3,200
1634886027000,102,500,3,200
1634886028000,102,500,3,200
1634886029000,102,500,3,200
1634886030000,102,500,3,200
1634886031000,102,500,3,200
1634886032000,102,500,3,300
1634886033000,102,500,3,300
1634886034000,102,500,3,300
1634886035000,102,500,3,300
1634886036000,102,500,3,300
1634886037000,102,500,3,300
1634886038000,102,500,3,300
1634886039000,102,500,3,300
1634886040000,102,500,3,300
1634886041000,102,500,3,300
1634886042000,102,500,3,300
1634886043000,102,500,3,300
1634886044000,102,500,3,300
1634886045000,102,500,3,300
1634886046000,102,500,3,300
1634886047000,102,500,3,300
1634886048000,102,500,3,300
1634886049000,102,500,3,300
1634886050000,102,500,3,400
1634886051000,102,500,3,400
1634886052000,102,500,3,400
1634886053000,102,500,3,400
1634886054000,102,500,3,400
1634886055000,102,500,3,400
1634886056000,102,500,3,400
1634886057000,102,500,3,400
1634886058000,102,500,3,400
1634886059000,102,500,3,400
1634886060000,102,500,3,400
1634886061000,102,500,3,400
1634886062000,102,500,3,400
1634886063000,102,500,3,400
1634886064000,102,500,3,400
1634886065000,102,500,3,500
1634886066000,102,500,3,500
1634886067000,102,500,3,500
1634886068000,102,500,3,500
1634886069000,102,500,3,500
1634886070000,102,500,3,500
1634886071000,102,500,3,500
1634886072000,102,500,3,500
1634886073000,102,500,3,500
1634886074000,102,500,3,500
1634886075000,102,500,3,500
1634886076000,102,500,3,500
1634886077000,102,500,3,600
1634886078000,102,500,3,600
1634886079000,102,500,3,600
1634886080000,102,500,3,700
1634886081000,102,500,3,700
1634886082000,102,500,3,700
1634886083000,102,500,3,700
1634886084000,102,500,3,700
1634886085000,102,500,3,700
1634886086000,102,500,3,700
1634886087000,102,500,3,700
1634886088000,102,500,3,700
1634886089000,102,500,3,700
1634886090000,102,500,3,700
1634886091000,102,500,3,700
1634886092000,102,500,3,700
1634886093000,102,500,3,700
1634886094000,102,500,3,700
1634886095000,102,500,3,700
1634886096000,102,500,3,700
1634886097000,102,500,3,700
1634886098000,102,500,3,700
1634886099000,102,500,3,700
1634886100000,102,500,3,700
1634886101000,102,500,3,700
1634886102000,102,500,3,700
1634886103000,102,500,3,700
1634886104000,102,500,3,700
1634886105000,102,500,3,700
1634886106000,102,500,3,700
1634886107000,102,500,3,700
1634886108000,102,500,3,800
1634886109000,102,500,3,800
1634886110000,102,500,3,800
1634886111000,102,500,3,800
1634886112000,102,500,3,800
1634886113000,102,500,3,800
1634886114000,102,500,3,800
1634886115000,102,500,3,900
1634886116000,102,500,3,900
1634886117000,102,500,3,900
1634886118000,102,500,3,900
1634886119000,102,500,3,900
1634886120000,102,500,3,900
1634886121000,102,500,3,1000
1634886122000,102,500,3,1000
1634886123000,102,500,3,1000
1634886124000,102,500,3,1000
1634886125000,102,500,3,1000
1634886126000,102,500,3,1000
1634886127000,102,500,3,1000
1634886128000,102,500,3,1000
1634886129000,102,500,3,1000
1634886130000,102,500,3,1000
1634886131000,102,500,3,1000
1634886132000,102,500,3,1000
1634886133000,102,500,3,1000
1634886134000,102,500,3,1000
1634886135000,102,500,3,1000
1634886136000,102,500,3,1000
1634886137000,102,500,3,1000
1634886138000,102,500,3,1000
1634886139000,102,500,3,1000
1634886140000,102,500,3,1000
1634886141000,102,500,4,100
1634886142000,102,500,4,100
1634886143000,102,500,4,100
1634886144000,102,500,4,100
1634886145000,102,500,4,100
1634886146000,102,500,4,100
1634886147000,102,500,4,100
1634886148000,102,500,4,100
1634886149000,102,500,4,100
1634886150000,102,500,4,100
1634886151000,102,500,4,100
1634886152000,102,500,4,100
1634886153000,102,500,4,100
1634886154000,102,500,4,100
1634886155000,102,500,4,100
1634886156000,102,500,4,100
1634886157000,102,500,4,100
1634886158000,102,500,4,100
1634886159000,102,500,4,100
1634886160000,102,500,4,100
1634886161000,102,500,4,100
1634886162000,102,500,4,100
1634886163000,102,500,4,100
1634886164000,102,500,4,100
1634886165000,102,500,4,200
1634886166000,102,500,4,200
1634886167000,102,500,4,200
1634886168000,102,500,4,200
1634886169000,102,500,4,200
1634886170000,102,500,4,200
1634886171000,102,500,4,200
1634886172000,102,500,4,200
1634886173000,102,500,4,200
1634886174000,102,500,4,200
1634886175000,102,500,4,200
1634886176000,102,500,4,200
1634886177000,102,500,4,200
1634886178000,102,500,4,200
1634886179000,102,500,4,200
1634886180000,102,500,4,200
1634886181000,102,500,4,200
1634886182000,102,500,4,200
1634886183000,102,500,4,200
1634886184000,102,500,4,200
1634886185000,102,500,4,200
1634886186000,102,500,4,200
1634886187000,102,500,4,200
1634886188000,102,500,4,200
1634886189000,102,500,4,200
1634886190000,102,500,4,200
1634886191000,102,500,4,200
1634886192000,102,500,4,200
1634886193000,102,500,4,200
1634886194000,102,500,4,200
1634886195000,102,500,4,200
1634886196000,102,500,4,200
1634886197000,102,500,4,200
1634886198000,102,500,4,200
1634886199000,102,500,4,200
1634886200000,102,500,4,200
1634886201000,102,500,4,200
1634886202000,102,500,4,200
1634886203000,102,500,4,200
1634886204000,102,500,4,200
1634886205000,102,500,4,200
1634886206000,102,500,4,200
1634886207000,102,500,4,200
1634886208000,102,500,4,200
1634886209000,102,500,4,200
1634886210000,102,500,4,200
1634886211000,102,500,4,200
1634886212000,102,500,4,200
1634886213000,102,500,4,200
1634886214000,102,500,4,200
1634886215000,102,500,4,200
1634886216000,102,500,4,200
1634886217000,102,500,4,200
1634886218000,102,500,4,300
1634886219000,102,500,4,300
1634886220000,102,500,4,300
1634886221000,102,500,4,300
1634886222000,102,500,4,300
1634886223000,102,500,4,300
1634886224000,102,500,4,300
1634886225000,102,500,4,300
1634886226000,102,500,4,300
1634886227000,102,500,4,300
1634886228000,102,500,4,300
1634886229000,102,500,4,300
1634886230000,102,500,4,300
1634886231000,102,500,4,300
1634886232000,102,500,4,300
1634886233000,102,500,4,300
1634886234000,102,500,4,300
1634886235000,102,500,4,300
1634886236000,102,500,4,300
1634886237000,102,500,4,300
1634886238000,102,500,4,400
1634886239000,102,500,4,400
1634886240000,102,500,4,400
1634886241000,102,500,4,400
1634886242000,102,500,4,400
1634886243000,102,500,4,400
1634886244000,102,500,4,400
1634886245000,102,500,4,400
1634886246000,102,500,4,400
1634886247000,102,500,4,400
1634886248000,102,500,4,400
1634886249000,102,500,4,400
1634886250000,102,500,4,400
1634886251000,102,500,4,400
1634886252000,102,500,4,400
1634886253000,102,500,4,400
1634886254000,102,500,4,400
1634886255000,102,500,4,400
1634886256000,102,500,4,400
1634886257000,102,500,4,400
1634886258000,102,500,4,400
1634886259000,102,500,4,400
1634886260000,102,500,4,400
1634886261000,102,500,4,400
1634886262000,102,500,4,500
1634886263000,102,500,4,500
1634886264000,102,500,4,500
1634886265000,102,500,4,500
1634886266000,102,500,4,500
1634886267000,102,500,4,500
1634886268000,102,500,4,500
1634886269000,102,500,4,500
1634886270000,102,500,4,500
1634886271000,102,500,4,500
1634886272000,102,500,4,500
1634886273000,102,500,4,500
1634886274000,102,500,4,500
1634886275000,102,500,4,500
1634886276000,102,500,4,600
1634886277000,102,500,4,600
1634886278000,102,500,4,600
1634886279000,102,500,4,600
1634886280000,102,500,4,600
1634886281000,102,500,4,600
1634886282000,102,500,4,700
1634886283000,102,500,4,700
1634886284000,102,500,4,700
1634886285000,102,500,4,700
1634886286000,102,500,4,700
1634886287000,102,500,4,700
1634886288000,102,500,4,700
1634886289000,102,500,4,700
1634886290000,102,500,4,700
1634886291000,102,500,4,700
1634886292000,102,500,4,700
1634886293000,102,500,4,700
1634886294000,102,500,4,700
1634886295000,102,500,4,700
1634886296000,102,500,4,700
1634886297000,102,500,4,700
1634886298000,102,500,4,700
1634886299000,102,500,4,700
1634886300000,102,500,4,700
1634886301000,102,500,4,700
1634886302000,102,500,4,700
1634886303000,102,500,4,700
1634886304000,102,500,4,700
1634886305000,102,500,4,700
1634886306000,102,500,4,700
1634886307000,102,500,4,700
1634886308000,102,500,4,700
1634886309000,102,500,4,700
1634886310000,102,500,4,700
1634886311000,102,500,4,700
1634886312000,102,500,4,700
1634886313000,102,500,4,700
1634886314000,102,500,4,700
1634886315000,102,500,4,700
1634886316000,102,500,4,700
1634886317000,102,500,4,700
1634886318000,102,500,4,700
1634886319000,102,500,4,700
1634886320000,102,500,4,700
1634886321000,102,500,4,700
1634886322000,102,500,4,700
1634886323000,102,500,4,700
1634886324000,102,500,4,700
1634886325000,102,500,4,700
1634886326000,102,500,4,700
1634886327000,102,500,4,700
1634886328000,102,500,4,700
1634886329000,102,500,4,700
1634886330000,102,500,4,700
1634886331000,102,500,4,800
1634886332000,102,500,4,800
1634886333000,102,500,4,800
1634886334000,102,500,4,800
1634886335000,102,500,4,800
1634886336000,102,500,4,800
1634886337000,102,500,4,800
1634886338000,102,500,4,900
1634886339000,102,500,4,900
1634886340000,102,500,4,900
1634886341000,102,500,4,900
1634886342000,102,500,4,900
1634886343000,102,500,4,1000
1634886344000,102,500,4,1000
1634886345000,102,500,4,1000
1634886346000,102,500,4,1000
1634886347000,102,500,4,1000
1634886348000,102,500,4,1000
1634886349000,102,500,4,1000
1634886350000,102,500,4,1000
1634886351000,102,500,4,1000
1634886352000,102,500,4,1000
1634886353000,102,500,4,1000
1634886354000,102,500,4,1000
1634886355000,102,500,4,1000
1634886356000,102,500,4,1000
1634886357000,102,500,4,1000
1634886358000,102,500,4,1000
1634886359000,102,500,4,1000
1634886360000,102,500,4,1000
1634886361000,102,500,5,100
1634886362000,102,500,5,100
1634886363000,102,500,5,100
1634886364000,102,500,5,100
1634886365000,102,500,5,100
1634886366000,102,500,5,100
1634886367000,102,500,5,100
1634886368000,102,500,5,200
1634886369000,102,500,5,200
1634886370000,102,500,5,200
1634886371000,102,500,5,200
1634886372000,102,500,5,200
1634886373000,102,500,5,200
1634886374000,102,500,5,200
1634886375000,102,500,5,200
1634886376000,102,500,5,200
1634886377000,102,500,5,200
1634886378000,102,500,5,300
1634886379000,102,500,5,300
1634886380000,102,500,5,300
1634886381000,102,500,5,300
1634886382000,102,500,5,300
1634886383000,102,500,5,300
1634886384000,102,500,5,300
1634886385000,102,500,5,300
1634886386000,102,500,5,300
1634886387000,102,500,5,300
1634886388000,102,500,5,300
1634886389000,102,500,5,300
1634886390000,102,500,5,300
1634886391000,102,500,5,300
1634886392000,102,500,5,300
1634886393000,102,500,5,400
1634886394000,102,500,5,400
1634886395000,102,500,5,400
1634886396000,102,500,5,400
1634886397000,102,500,5,400
1634886398000,102,500,5,400
1634886399000,102,500,5,400
1634886400000,102,500,5,400
1634886401000,102,500,5,500
1634886402000,102,500,5,500
1634886403000,102,500,5,500
1634886404000,102,500,5,500
1634886405000,102,500,5,500
1634886406000,102,500,5,500
1634886407000,102,500,5,500
1634886408000,102,500,5,500
1634886409000,102,500,5,500
1634886410000,102,500,5,500
1634886411000,102,500,5,500
1634886412000,102,500,5,500
1634886413000,102,500,5,600
1634886414000,102,500,5,600
1634886415000,102,500,5,600
1634886416000,102,500,5,600
1634886417000,102,500,5,700
1634886418000,102,500,5,700
1634886419000,102,500,5,700
1634886420000,102,500,5,700
1634886421000,102,500,5,700
1634886422000,102,500,5,700
1634886423000,102,500,5,700
1634886424000,102,500,5,700
1634886425000,102,500,5,700
1634886426000,102,500,5,700
1634886427000,102,500,5,700
1634886428000,102,500,5,700
1634886429000,102,500,5,700
1634886430000,102,500,5,700
1634886431000,102,500,5,800
1634886432000,102,500,5,800
1634886433000,102,500,5,800
1634886434000,102,500,5,800
1634886435000,102,500,5,800
1634886436000,102,500,5,800
1634886437000,102,500,5,900
1634886438000,102,500,5,900
1634886439000,102,500,5,900
1634886440000,102,500,5,900
1634886441000,102,500,5,900
1634886442000,102,500,5,900
1634886443000,102,500,5,1000
1634886444000,102,500,5,1000
1634886445000,102,500,5,1000
1634886446000,102,500,5,1000
1634886447000,102,500,5,1000
1634886448000,102,500,5,1000
1634886449000,102,500,6,100
1634886450000,102,500,6,100
1634886451000,102,500,6,100
1634886452000,102,500,6,100
1634886453000,102,500,6,100
1634886454000,102,500,6,100
1634886455000,102,500,6,100
1634886456000,102,500,6,100
1634886457000,102,500,6,100
1634886458000,102,500,6,200
1634886459000,102,500,6,200
1634886460000,102,500,6,200
1634886461000,102,500,6,200
1634886462000,102,500,6,200
1634886463000,102,500,6,200
1634886464000,102,500,6,200
1634886465000,102,500,6,200
1634886466000,102,500,6,200
1634886467000,102,500,6,200
1634886468000,102,500,6,200
1634886469000,102,500,6,200
1634886470000,102,500,6,200
1634886471000,102,500,6,200
1634886472000,102,500,6,200
1634886473000,102,500,6,200
1634886474000,102,500,6,200
1634886475000,102,500,6,300
1634886476000,102,500,6,300
1634886477000,102,500,6,300
1634886478000,102,500,6,300
1634886479000,102,500,6,300
1634886480000,102,500,6,300
1634886481000,102,500,6,300
1634886482000,102,500,6,300
1634886483000,102,500,6,300
1634886484000,102,500,6,300
1634886485000,102,500,6,300
1634886486000,102,500,6,300
1634886487000,102,500,6,300
1634886488000,102,500,6,300
1634886489000,102,500,6,300
1634886490000,102,500,6,300
1634886491000,102,500,6,300
1634886492000,102,500,6,300
1634886493000,102,500,6,300
1634886494000,102,500,6,400
1634886495000,102,500,6,400
1634886496000,102,500,6,400
1634886497000,102,500,6,400
1634886498000,102,500,6,400
1634886499000,102,500,6,400
1634886500000,102,500,6,400
1634886501000,102,500,6,400
1634886502000,102,500,6,400
1634886503000,102,500,6,400
1634886504000,102,500,6,500
1634886505000,102,500,6,500
1634886506000,102,500,6,500
1634886507000,102,500,6,500
1634886508000,102,500,6,500
1634886509000,102,500,6,500
1634886510000,102,500,6,500
1634886511000,102,500,6,500
1634886512000,102,500,6,500
1634886513000,102,500,6,500
1634886514000,102,500,6,500
1634886515000,102,500,6,500
1634886516000,102,500,6,500
1634886517000,102,500,6,600
1634886518000,102,500,6,600
1634886519000,102,500,6,600
1634886520000,102,500,6,600
1634886521000,102,500,6,700
1634886522000,102,500,6,700
1634886523000,102,500,6,700
1634886524000,102,500,6,700
1634886525000,102,500,6,700
1634886526000,102,500,6,700
1634886527000,102,500,6,700
1634886528000,102,500,6,700
1634886529000,102,500,6,700
1634886530000,102,500,6,700
1634886531000,102,500,6,700
1634886532000,102,500,6,700
1634886533000,102,500,6,700
1634886534000,102,500,6,700
1634886535000,102,500,6,800
1634886536000,102,500,6,800
1634886537000,102,500,6,800
1634886538000,102,500,6,800
1634886539000,102,500,6,800
1634886540000,102,500,6,800
1634886541000,102,500,6,900
1634886542000,102,500,6,900
1634886543000,102,500,6,900
1634886544000,102,500,6,900
1634886545000,102,500,6,900
1634886546000,102,500,6,900
1634886547000,102,500,6,900
1634886548000,102,500,6,900
1634886549000,102,500,6,900
1634886550000,102,500,6,1000
1634886551000,102,500,6,1000
1634886552000,102,500,6,1000
1634886553000,102,500,6,1000
1634886554000,102,500,6,1000
1634886555000,102,500,6,1000
1634886556000,102,500,6,1000
1634886557000,102,500,6,1000
1634886558000,102,500,6,1000
1634886559000,102,500,7,100
1634886560000,102,500,7,100
1634886561000,102,500,7,100
1634886562000,102,500,7,100
1634886563000,102,500,7,100
1634886564000,102,500,7,100
1634886565000,102,500,7,100
1634886566000,102,500,7,100
1634886567000,102,500,7,100
1634886568000,102,500,7,100
1634886569000,102,500,7,100
1634886570000,102,500,7,200
1634886571000,102,500,7,200
1634886572000,102,500,7,200
1634886573000,102,500,7,200
1634886574000,102,500,7,200
1634886575000,102,500,7,200
1634886576000,102,500,7,200
1634886577000,102,500,7,200
1634886578000,102,500,7,200
1634886579000,102,500,7,200
1634886580000,102,500,7,200
1634886581000,102,500,7,200
1634886582000,102,500,7,200
1634886583000,102,500,7,200
1634886584000,102,500,7,200
1634886585000,102,500,7,200
1634886586000,102,500,7,200
1634886587000,102,500,7,200
1634886588000,102,500,7,200
1634886589000,102,500,7,200
1634886590000,102,500,7,200
1634886591000,102,500,7,200
1634886592000,102,500,7,200
1634886593000,102,500,7,200
1634886594000,102,500,7,200
1634886595000,102,500,7,300
1634886596000,102,500,7,300
1634886597000,102,500,7,300
1634886598000,102,500,7,300
1634886599000,102,500,7,300
1634886600000,102,500,7,300
1634886601000,102,500,7,300
1634886602000,102,500,7,300
1634886603000,102,500,7,300
1634886604000,102,500,7,300
1634886605000,102,500,7,300
1634886606000,102,500,7,300
1634886607000,102,500,7,300
1634886608000,102,500,7,300
1634886609000,102,500,7,300
1634886610000,102,500,7,300
1634886611000,102,500,7,300
1634886612000,102,500,7,300
1634886613000,102,500,7,300
1634886614000,102,500,7,300
1634886615000,102,500,7,300
1634886616000,102,500,7,300
1634886617000,102,500,7,400
1634886618000,102,500,7,400
1634886619000,102,500,7,400
1634886620000,102,500,7,400
1634886621000,102,500,7,400
1634886622000,102,500,7,400
1634886623000,102,500,7,400
1634886624000,102,500,7,400
1634886625000,102,500,7,400
1634886626000,102,500,7,400
1634886627000,102,500,7,500
1634886628000,102,500,7,500
1634886629000,102,500,7,500
1634886630000,102,500,7,500
1634886631000,102,500,7,500
1634886632000,102,500,7,500
1634886633000,102,500,7,500
1634886634000,102,500,7,500
1634886635000,102,500,7,500
1634886636000,102,500,7,500
1634886637000,102,500,7,500
1634886638000,102,500,7,500
1634886639000,102,500,7,500
1634886640000,102,500,7,500
1634886641000,102,500,7,600
1634886642000,102,500,7,600
1634886643000,102,500,7,600
1634886644000,102,500,7,600
1634886645000,102,500,7,700
1634886646000,102,500,7,700
1634886647000,102,500,7,700
1634886648000,102,500,7,700
1634886649000,102,500,7,700
1634886650000,102,500,7,700
1634886651000,102,500,7,700
1634886652000,102,500,7,700
1634886653000,102,500,7,700
1634886654000,102,500,7,700
1634886655000,102,500,7,700
1634886656000,102,500,7,700
1634886657000,102,500,7,700
1634886658000,102,500,7,700
1634886659000,102,500,7,700
1634886660000,102,500,7,700
1634886661000,102,500,7,700
1634886662000,102,500,7,700
1634886663000,102,500,7,700
1634886664000,102,500,7,700
1634886665000,102,500,7,700
1634886666000,102,500,7,700
1634886667000,102,500,7,700
1634886668000,102,500,7,700
1634886669000,102,500,7,700
1634886670000,102,500,7,700
1634886671000,102,500,7,700
1634886672000,102,500,7,700
1634886673000,102,500,7,700
1634886674000,102,500,7,700
1634886675000,102,500,7,700
1634886676000,102,500,7,700
1634886677000,102,500,7,700
1634886678000,102,500,7,700
1634886679000,102,500,7,700
1634886680000,102,500,7,800
1634886681000,102,500,7,800
1634886682000,102,500,7,800
1634886683000,102,500,7,800
1634886684000,102,500,7,800
1634886685000,102,500,7,800
1634886686000,102,500,7,800
1634886687000,102,500,7,800
1634886688000,102,500,7,900
1634886689000,102,500,7,900
1634886690000,102,500,7,900
1634886691000,102,500,7,900
1634886692000,102,500,7,900
1634886693000,102,500,7,1000
1634886694000,102,500,7,1000
1634886695000,102,500,7,1000
1634886696000,102,500,7,1000
1634886697000,102,500,7,1000
1634886698000,102,500,7,1000
1634886699000,102,500,7,1000
1634886700000,102,500,7,1000
1634886701000,102,500,7,1000
1634886702000,102,500,7,1000
1634886703000,102,500,7,1000
1634886704000,102,500,7,1000
1634886705000,102,500,8,100
1634886706000,102,500,8,100
1634886707000,102,500,8,100
1634886708000,102,500,8,100
1634886709000,102,500,8,100
1634886710000,102,500,8,100
1634886711000,102,500,8,100
1634886712000,102,500,8,100
1634886713000,102,500,8,100
1634886714000,102,500,8,100
1634886715000,102,500,8,100
1634886716000,102,500,8,100
1634886717000,102,500,8,100
1634886718000,102,500,8,100
1634886719000,102,500,8,100
1634886720000,102,500,8,100
1634886721000,102,500,8,100
1634886722000,102,500,8,200
1634886723000,102,500,8,200
1634886724000,102,500,8,200
1634886725000,102,500,8,200
1634886726000,102,500,8,200
1634886727000,102,500,8,200
1634886728000,102,500,8,200
1634886729000,102,500,8,200
1634886730000,102,500,8,200
1634886731000,102,500,8,200
1634886732000,102,500,8,200
1634886733000,102,500,8,200
1634886734000,102,500,8,200
1634886735000,102,500,8,200
1634886736000,102,500,8,200
1634886737000,102,500,8,200
1634886738000,102,500,8,200
1634886739000,102,500,8,200
1634886740000,102,500,8,200
1634886741000,102,500,8,200
1634886742000,102,500,8,200
1634886743000,102,500,8,200
1634886744000,102,500,8,200
1634886745000,102,500,8,200
1634886746000,102,500,8,200
1634886747000,102,500,8,200
1634886748000,102,500,8,200
1634886749000,102,500,8,200
1634886750000,102,500,8,300
1634886751000,102,500,8,300
1634886752000,102,500,8,300
1634886753000,102,500,8,300
1634886754000,102,500,8,300
1634886755000,102,500,8,300
1634886756000,102,500,8,300
1634886757000,102,500,8,300
1634886758000,102,500,8,300
1634886759000,102,500,8,300
1634886760000,102,500,8,300
1634886761000,102,500,8,300
1634886762000,102,500,8,300
1634886763000,102,500,8,300
1634886764000,102,500,8,300
1634886765000,102,500,8,300
1634886766000,102,500,8,300
1634886767000,102,500,8,300
1634886768000,102,500,8,300
1634886769000,102,500,8,300
1634886770000,102,500,8,300
1634886771000,102,500,8,200
1634886772000,102,500,8,200
1634886773000,102,500,8,200
1634886774000,102,500,8,200
1634886775000,102,500,8,200
1634886776000,102,500,8,200
1634886777000,102,500,8,200
1634886778000,102,500,8,200
1634886779000,102,500,8,200
1634886780000,102,500,8,200
1634886781000,102,500,8,200
1634886782000,102,500,8,200
1634886783000,102,500,8,200
1634886784000,102,500,8,200
1634886785000,102,500,8,200
1634886786000,102,500,8,200
1634886787000,102,500,8,200
1634886788000,102,500,8,200
1634886789000,102,500,8,200
1634886790000,102,500,8,200
1634886791000,102,500,8,200
1634886792000,102,500,8,200
1634886793000,102,500,8,200
1634886794000,102,500,8,200
1634886795000,102,500,8,200
1634886796000,102,500,8,200
1634886797000,102,500,8,200
1634886798000,102,500,8,200
1634886799000,102,500,8,200
1634886800000,102,500,8,200
1634886801000,102,500,8,200
1634886802000,102,500,8,200
1634886803000,102,500,8,200
1634886804000,102,500,8,200
1634886805000,102,500,8,200
1634886806000,102,500,8,200
1634886807000,102,500,8,200
1634886808000,102,500,8,200
1634886809000,102,500,8,200
1634886810000,102,500,8,200
1634886811000,102,500,8,200
1634886812000,102,500,8,200
1634886813000,102,500,8,200
1634886814000,102,500,8,200
1634886815000,102,500,8,200
1634886816000,102,500,8,200
1634886817000,102,500,8,200
1634886818000,102,500,8,200
1634886819000,102,500,8,200
1634886820000,102,500,8,200
1634886821000,102,500,8,200
1634886822000,102,500,8,200
1634886823000,102,500,8,200
1634886824000,102,500,8,200
1634886825000,102,500,8,200
1634886826000,102,500,8,200
1634886827000,102,500,8,200
1634886828000,102,500,8,200
1634886829000,102,500,8,200
1634886830000,102,500,8,200
1634886831000,102,500,8,200
1634886832000,102,500,8,200
1634886833000,102,500,8,200
1634886834000,102,500,8,200
1634886835000,102,500,8,200
1634886836000,102,500,8,200
1634886837000,102,500,8,200
1634886838000,102,500,8,200
1634886839000,102,500,8,200
1634886840000,102,500,8,200
1634886841000,102,500,8,200
1634886842000,102,500,8,200
1634886843000,102,500,8,200
1634886844000,102,500,8,200
1634886845000,102,500,8,200
1634886846000,102,500,8,200
1634886847000,102,500,8,200
1634886848000,102,500,8,200
1634886849000,102,500,8,400
1634886850000,102,500,8,400
1634886851000,102,500,8,400
1634886852000,102,500,8,400
1634886853000,102,500,8,400
1634886854000,102,500,8,400
1634886855000,102,500,8,400
1634886856000,102,500,8,400
1634886857000,102,500,8,400
1634886858000,102,500,8,400
1634886859000,102,500,8,400
1634886860000,102,500,8,400
1634886861000,102,500,8,400
1634886862000,102,500,8,400
1634886863000,102,500,8,500
1634886864000,102,500,8,500
1634886865000,102,500,8,500
1634886866000,102,500,8,500
1634886867000,102,500,8,500
1634886868000,102,500,8,500
1634886869000,102,500,8,500
1634886870000,102,500,8,500
1634886871000,102,500,8,500
1634886872000,102,500,8,500
1634886873000,102,500,8,500
1634886874000,102,500,8,500
1634886875000,102,500,8,500
1634886876000,102,500,8,500
1634886877000,102,500,8,600
1634886878000,102,500,8,600
1634886879000,102,500,8,600
1634886880000,102,500,8,600
1634886881000,102,500,8,600
1634886882000,102,500,8,600
1634886883000,102,500,8,700
1634886884000,102,500,8,700
1634886885000,102,500,8,700
1634886886000,102,500,8,700
1634886887000,102,500,8,700
1634886888000,102,500,8,700
1634886889000,102,500,8,700
1634886890000,102,500,8,700
1634886891000,102,500,8,700
1634886892000,102,500,8,700
1634886893000,102,500,8,700
1634886894000,102,500,8,700
1634886895000,102,500,8,700
1634886896000,102,500,8,700
1634886897000,102,500,8,700
1634886898000,102,500,8,700
1634886899000,102,500,8,700
1634886900000,102,500,8,700
1634886901000,102,500,8,700
1634886902000,102,500,8,700
1634886903000,102,500,8,700
1634886904000,102,500,8,800
1634886905000,102,500,8,800
1634886906000,102,500,8,800
1634886907000,102,500,8,800
1634886908000,102,500,8,800
1634886909000,102,500,8,800
1634886910000,102,500,8,800
1634886911000,102,500,8,800
1634886912000,102,500,8,800
1634886913000,102,500,8,900
1634886914000,102,500,8,900
1634886915000,102,500,8,900
1634886916000,102,500,8,900
1634886917000,102,500,8,900
1634886918000,102,500,8,1000
1634886919000,102,500,8,1000
1634886920000,102,500,8,1000
1634886921000,102,500,8,1000
1634886922000,102,500,8,1000
1634886923000,102,500,8,1000
1634886924000,102,500,8,1000
1634886925000,102,500,8,1000
1634886926000,102,500,8,1000
1634886927000,102,500,8,1000
1634886928000,102,500,8,1000
1634886929000,102,500,8,1000
1634886930000,102,500,8,1000
1634886931000,102,500,8,1000
1634886932000,102,500,8,1000
1634886933000,102,500,8,1000
1634886934000,102,500,8,1000
1634886935000,102,500,8,1000
1634886936000,102,500,9,100
1634886937000,102,500,9,100
1634886938000,102,500,9,100
1634886939000,102,500,9,100
1634886940000,102,500,9,100
1634886941000,102,500,9,100
1634886942000,102,500,9,100
1634886943000,102,500,9,200
1634886944000,102,500,9,200
1634886945000,102,500,9,200
1634886946000,102,500,9,200
1634886947000,102,500,9,200
1634886948000,102,500,9,200
1634886949000,102,500,9,200
1634886950000,102,500,9,200
1634886951000,102,500,9,200
1634886952000,102,500,9,200
1634886953000,102,500,9,200
1634886954000,102,500,9,300
1634886955000,102,500,9,300
1634886956000,102,500,9,300
1634886957000,102,500,9,300
1634886958000,102,500,9,300
1634886959000,102,500,9,300
1634886960000,102,500,9,300
1634886961000,102,500,9,300
1634886962000,102,500,9,300
1634886963000,102,500,9,300
1634886964000,102,500,9,300
1634886965000,102,500,9,300
1634886966000,102,500,9,300
1634886967000,102,500,9,400
1634886968000,102,500,9,400
1634886969000,102,500,9,400
1634886970000,102,500,9,400
1634886971000,102,500,9,400
1634886972000,102,500,9,400
1634886973000,102,500,9,400
1634886974000,102,500,9,500
1634886975000,102,500,9,500
1634886976000,102,500,9,500
1634886977000,102,500,9,500
1634886978000,102,500,9,500
1634886979000,102,500,9,500
1634886980000,102,500,9,500
1634886981000,102,500,9,500
1634886982000,102,500,9,500
1634886983000,102,500,9,500
1634886984000,102,500,9,500
1634886985000,102,500,9,500
1634886986000,102,500,9,500
1634886987000,102,500,9,600
1634886988000,102,500,9,600
1634886989000,102,500,9,600
1634886990000,102,500,9,600
1634886991000,102,500,9,600
1634886992000,102,500,9,700
1634886993000,102,500,9,700
1634886994000,102,500,9,700
1634886995000,102,500,9,700
1634886996000,102,500,9,700
1634886997000,102,500,9,700
1634886998000,102,500,9,700
1634886999000,102,500,9,700
1634887000000,102,500,9,700
1634887001000,102,500,9,700
1634887002000,102,500,9,700
1634887003000,102,500,9,700
1634887004000,102,500,9,700
1634887005000,102,500,9,700
1634887006000,102,500,9,700
1634887007000,102,500,9,700
1634887008000,102,500,9,800
1634887009000,102,500,9,800
1634887010000,102,500,9,800
1634887011000,102,500,9,800
1634887012000,102,500,9,800
1634887013000,102,500,9,800
1634887014000,102,500,9,800
1634887015000,102,500,9,900
1634887016000,102,500,9,900
1634887017000,102,500,9,900
1634887018000,102,500,9,900
1634887019000,102,500,9,900
1634887020000,102,500,9,900
1634887021000,102,500,9,1000
1634887022000,102,500,9,1000
1634887023000,102,500,9,1000
1634887024000,102,500,9,1000
1634887025000,102,500,9,1000
1634887026000,102,500,9,1000
1634887027000,102,500,9,1000
1634887028000,102,500,9,1000
1634887029000,102,500,9,1000
1634887030000,102,500,9,1000
1634887031000,102,500,10,100
1634887032000,102,500,10,100
1634887033000,102,500,10,100
1634887034000,102,500,10,100
1634887035000,102,500,10,100
1634887036000,102,500,10,100
1634887037000,102,500,10,200
1634887038000,102,500,10,200
1634887039000,102,500,10,200
1634887040000,102,500,10,200
1634887041000,102,500,10,200
1634887042000,102,500,10,200
1634887043000,102,500,10,200
1634887044000,102,500,10,200
1634887045000,102,500,10,200
1634887046000,102,500,10,200
1634887047000,102,500,10,200
1634887048000,102,500,10,200
1634887049000,102,500,10,300
1634887050000,102,500,10,300
1634887051000,102,500,10,300
1634887052000,102,500,10,300
1634887053000,102,500,10,300
1634887054000,102,500,10,300
1634887055000,102,500,10,300
1634887056000,102,500,10,300
1634887057000,102,500,10,300
1634887058000,102,500,10,300
1634887059000,102,500,10,300
1634887060000,102,500,10,300
1634887061000,102,500,10,300
1634887062000,102,500,10,300
1634887063000,102,500,10,300
1634887064000,102,500,10,300
1634887065000,102,500,10,300
1634887066000,102,500,10,300
1634887067000,102,500,10,300
1634887068000,102,500,10,300
1634887069000,102,500,10,300
1634887070000,102,500,10,400
1634887071000,102,500,10,400
1634887072000,102,500,10,400
1634887073000,102,500,10,400
1634887074000,102,500,10,400
1634887075000,102,500,10,500
1634887076000,102,500,10,500
1634887077000,102,500,10,500
1634887078000,102,500,10,500
1634887079000,102,500,10,500
1634887080000,102,500,10,500
1634887081000,102,500,10,500
1634887082000,102,500,10,500
1634887083000,102,500,10,500
1634887084000,102,500,10,500
1634887085000,102,500,10,500
1634887086000,102,500,10,500
1634887087000,102,500,10,600
1634887088000,102,500,10,600
1634887089000,102,500,10,600
1634887090000,102,500,10,600
1634887091000,102,500,10,600
1634887092000,102,500,10,700
1634887093000,102,500,10,700
1634887094000,102,500,10,700
1634887095000,102,500,10,700
1634887096000,102,500,10,700
1634887097000,102,500,10,700
1634887098000,102,500,10,700
1634887099000,102,500,10,700
1634887100000,102,500,10,700
1634887101000,102,500,10,700
1634887102000,102,500,10,700
1634887103000,102,500,10,700
1634887104000,102,500,10,700
1634887105000,102,500,10,700
1634887106000,102,500,10,800
1634887107000,102,500,10,800
1634887108000,102,500,10,800
1634887109000,102,500,10,800
1634887110000,102,500,10,800
1634887111000,102,500,10,800
1634887112000,102,500,10,900
1634887113000,102,500,10,900
1634887114000,102,500,10,900
1634887115000,102,500,10,900
1634887116000,102,500,10,900
1634887117000,102,500,10,900
1634887118000,102,500,10,1000
1634887119000,102,500,10,1000
1634887120000,102,500,10,1000
1634887121000,102,500,10,1000
1634887122000,102,500,10,1000
1634887123000,102,500,10,1000
1634887124000,102,500,11,100
1634887125000,102,500,11,100
1634887126000,102,500,11,100
1634887127000,102,500,11,100
1634887128000,102,500,11,100
1634887129000,102,500,11,100
1634887130000,102,500,11,100
1634887131000,102,500,11,100
1634887132000,102,500,11,100
1634887133000,102,500,11,100
1634887134000,102,500,11,100
1634887135000,102,500,11,100
1634887136000,102,500,11,100
1634887137000,102,500,11,100
1634887138000,102,500,11,200
1634887139000,102,500,11,200
1634887140000,102,500,11,200
1634887141000,102,500,11,200
1634887142000,102,500,11,200
1634887143000,102,500,11,200
1634887144000,102,500,11,200
1634887145000,102,500,11,200
1634887146000,102,500,11,200
1634887147000,102,500,11,200
1634887148000,102,500,11,200
1634887149000,102,500,11,200
1634887150000,102,500,11,200
1634887151000,102,500,11,200
1634887152000,102,500,11,200
1634887153000,102,500,11,200
1634887154000,102,500,11,200
1634887155000,102,500,11,200
1634887156000,102,500,11,200
1634887157000,102,500,11,200
1634887158000,102,500,11,200
1634887159000,102,500,11,200
1634887160000,102,500,11,200
1634887161000,102,500,11,200
1634887162000,102,500,11,200
1634887163000,102,500,11,200
1634887164000,102,500,11,200
1634887165000,102,500,11,200
1634887166000,102,500,11,200
1634887167000,102,500,11,200
1634887168000,102,500,11,200
1634887169000,102,500,11,200
1634887170000,102,500,11,200
1634887171000,102,500,11,200
1634887172000,102,500,11,300
1634887173000,102,500,11,300
1634887174000,102,500,11,300
1634887175000,102,500,11,300
1634887176000,102,500,11,300
1634887177000,102,500,11,300
1634887178000,102,500,11,300
1634887179000,102,500,11,300
1634887180000,102,500,11,300
1634887181000,102,500,11,300
1634887182000,102,500,11,300
1634887183000,102,500,11,300
1634887184000,102,500,11,300
1634887185000,102,500,11,300
1634887186000,102,500,11,300
1634887187000,102,500,11,300
1634887188000,102,500,11,300
1634887189000,102,500,11,300
1634887190000,102,500,11,300
1634887191000,102,500,11,300
1634887192000,102,500,11,300
1634887193000,102,500,11,400
1634887194000,102,500,11,400
1634887195000,102,500,11,400
1634887196000,102,500,11,400
1634887197000,102,500,11,400
1634887198000,102,500,11,400
1634887199000,102,500,11,400
1634887200000,102,500,11,400
1634887201000,102,500,11,400
1634887202000,102,500,11,400
1634887203000,102,500,11,400
1634887204000,102,500,11,400
1634887205000,102,500,11,400
1634887206000,102,500,11,400
1634887207000,102,500,11,500
1634887208000,102,500,11,500
1634887209000,102,500,11,500
1634887210000,102,500,11,500
1634887211000,102,500,11,500
1634887212000,102,500,11,500
1634887213000,102,500,11,500
1634887214000,102,500,11,500
1634887215000,102,500,11,500
1634887216000,102,500,11,500
1634887217000,102,500,11,500
1634887218000,102,500,11,500
1634887219000,102,500,11,600
1634887220000,102,500,11,600
1634887221000,102,500,11,600
1634887222000,102,500,11,600
1634887223000,102,500,11,600
1634887224000,102,500,11,700
1634887225000,102,500,11,700
1634887226000,102,500,11,700
1634887227000,102,500,11,700
1634887228000,102,500,11,700
1634887229000,102,500,11,700
1634887230000,102,500,11,700
1634887231000,102,500,11,700
1634887232000,102,500,11,700
1634887233000,102,500,11,700
1634887234000,102,500,11,700
1634887235000,102,500,11,700
1634887236000,102,500,11,700
1634887237000,102,500,11,700
1634887238000,102,500,11,700
1634887239000,102,500,11,700
1634887240000,102,500,11,700
1634887241000,102,500,11,700
1634887242000,102,500,11,700
1634887243000,102,500,11,800
1634887244000,102,500,11,800
1634887245000,102,500,11,800
1634887246000,102,500,11,800
1634887247000,102,500,11,800
1634887248000,102,500,11,800
1634887249000,102,500,11,800
1634887250000,102,500,11,900
1634887251000,102,500,11,900
1634887252000,102,500,11,900
1634887253000,102,500,11,900
1634887254000,102,500,11,900
1634887255000,102,500,11,1000
1634887256000,102,500,11,1000
1634887257000,102,500,11,1000
1634887258000,102,500,11,1000
1634887259000,102,500,11,1000
1634887260000,102,500,11,1000
1634887261000,102,500,11,1000
1634887262000,102,500,11,1000
1634887263000,102,500,11,1000
1634887264000,102,500,11,1000
1634887265000,102,500,11,1000
1634887266000,102,500,11,1000
1634887267000,102,500,11,1000
1634887268000,102,500,11,1000
1634887269000,102,500,11,1000
1634887270000,102,500,12,100
1634887271000,102,500,12,100
1634887272000,102,500,12,100
1634887273000,102,500,12,100
1634887274000,102,500,12,100
1634887275000,102,500,12,100
1634887276000,102,500,12,100
1634887277000,102,500,12,100
1634887278000,102,500,12,100
1634887279000,102,500,12,200
1634887280000,102,500,12,200
1634887281000,102,500,12,200
1634887282000,102,500,12,200
1634887283000,102,500,12,200
1634887284000,102,500,12,200
1634887285000,102,500,12,200
1634887286000,102,500,12,200
1634887287000,102,500,12,200
1634887288000,102,500,12,300
1634887289000,102,500,12,300
1634887290000,102,500,12,300
1634887291000,102,500,12,300
1634887292000,102,500,12,300
1634887293000,102,500,12,300
1634887294000,102,500,12,300
1634887295000,102,500,12,300
1634887296000,102,500,12,300
1634887297000,102,500,12,300
1634887298000,102,500,12,300
1634887299000,102,500,12,300
1634887300000,102,500,12,300
1634887301000,102,500,12,300
1634887302000,102,500,12,300
1634887303000,102,500,12,300
1634887304000,102,500,12,300
1634887305000,102,500,12,300
1634887306000,102,500,12,300
1634887307000,102,500,12,300
1634887308000,102,500,12,300
1634887309000,102,500,12,400
1634887310000,102,500,12,400
1634887311000,102,500,12,400
1634887312000,102,500,12,400
1634887313000,102,500,12,400
1634887314000,102,500,12,400
1634887315000,102,500,12,500
1634887316000,102,500,12,500
1634887317000,102,500,12,500
1634887318000,102,500,12,500
1634887319000,102,500,12,500
1634887320000,102,500,12,500
1634887321000,102,500,12,500
1634887322000,102,500,12,500
1634887323000,102,500,12,500
1634887324000,102,500,12,500
1634887325000,102,500,12,500
1634887326000,102,500,12,600
1634887327000,102,500,12,600
1634887328000,102,500,12,600
1634887329000,102,500,12,600
1634887330000,102,500,12,700
1634887331000,102,500,12,700
1634887332000,102,500,12,700
1634887333000,102,500,12,700
1634887334000,102,500,12,700
1634887335000,102,500,12,700
1634887336000,102,500,12,700
1634887337000,102,500,12,700
1634887338000,102,500,12,700
1634887339000,102,500,12,700
1634887340000,102,500,12,700
1634887341000,102,500,12,700
1634887342000,102,500,12,700
1634887343000,102,500,12,700
1634887344000,102,500,12,700
1634887345000,102,500,12,700
1634887346000,102,500,12,800
1634887347000,102,500,12,800
1634887348000,102,500,12,800
1634887349000,102,500,12,800
1634887350000,102,500,12,800
1634887351000,102,500,12,800
1634887352000,102,500,12,800
1634887353000,102,500,12,900
1634887354000,102,500,12,900
1634887355000,102,500,12,900
1634887356000,102,500,12,900
1634887357000,102,500,12,900
1634887358000,102,500,12,1000
1634887359000,102,500,12,1000
1634887360000,102,500,12,1000
1634887361000,102,500,12,1000
1634887362000,102,500,12,1000
1634887363000,102,500,12,1000
1634887364000,102,500,13,100
1634887365000,102,500,13,100
1634887366000,102,500,13,100
1634887367000,102,500,13,100
1634887368000,102,500,13,100
1634887369000,102,500,13,100
1634887370000,102,500,13,100
1634887371000,102,500,13,100
1634887372000,102,500,13,100
1634887373000,102,500,13,200
1634887374000,102,500,13,200
1634887375000,102,500,13,200
1634887376000,102,500,13,200
1634887377000,102,500,13,200
1634887378000,102,500,13,200
1634887379000,102,500,13,200
1634887380000,102,500,13,200
1634887381000,102,500,13,200
1634887382000,102,500,13,200
1634887383000,102,500,13,200
1634887384000,102,500,13,200
1634887385000,102,500,13,200
1634887386000,102,500,13,200
1634887387000,102,500,13,200
1634887388000,102,500,13,200
1634887389000,102,500,13,300
1634887390000,102,500,13,300
1634887391000,102,500,13,300
1634887392000,102,500,13,300
1634887393000,102,500,13,300
1634887394000,102,500,13,300
1634887395000,102,500,13,300
1634887396000,102,500,13,300
1634887397000,102,500,13,300
1634887398000,102,500,13,300
1634887399000,102,500,13,300
1634887400000,102,500,13,300
1634887401000,102,500,13,300
1634887402000,102,500,13,300
1634887403000,102,500,13,400
1634887404000,102,500,13,400
1634887405000,102,500,13,400
1634887406000,102,500,13,400
1634887407000,102,500,13,400
1634887408000,102,500,13,400
1634887409000,102,500,13,400
1634887410000,102,500,13,500
1634887411000,102,500,13,500
1634887412000,102,500,13,500
1634887413000,102,500,13,500
1634887414000,102,500,13,500
1634887415000,102,500,13,500
1634887416000,102,500,13,500
1634887417000,102,500,13,500
1634887418000,102,500,13,500
1634887419000,102,500,13,500
1634887420000,102,500,13,500
1634887421000,102,500,13,500
1634887422000,102,500,13,600
1634887423000,102,500,13,600
1634887424000,102,500,13,600
1634887425000,102,500,13,600
1634887426000,102,500,13,700
1634887427000,102,500,13,700
1634887428000,102,500,13,700
1634887429000,102,500,13,700
1634887430000,102,500,13,700
1634887431000,102,500,13,700
1634887432000,102,500,13,700
1634887433000,102,500,13,700
1634887434000,102,500,13,700
1634887435000,102,500,13,700
1634887436000,102,500,13,700
1634887437000,102,500,13,700
1634887438000,102,500,13,700
1634887439000,102,500,13,700
1634887440000,102,500,13,800
1634887441000,102,500,13,800
1634887442000,102,500,13,800
1634887443000,102,500,13,800
1634887444000,102,500,13,800
1634887445000,102,500,13,800
1634887446000,102,500,13,800
1634887447000,102,500,13,800
1634887448000,102,500,13,900
1634887449000,102,500,13,900
1634887450000,102,500,13,900
1634887451000,102,500,13,900
1634887452000,102,500,13,900
1634887453000,102,500,13,900
1634887454000,102,500,13,900
1634887455000,102,500,13,1000
1634887456000,102,500,13,1000
1634887457000,102,500,13,1000
1634887458000,102,500,13,1000
1634887459000,102,500,13,1000
1634887460000,102,500,13,1000
1634887461000,102,500,13,1000
1634887462000,102,500,13,1000
1634887463000,102,500,13,1000
1634887464000,102,500,13,1000
1634887465000,102,500,13,1000
1634887466000,102,500,14,100
1634887467000,102,500,14,100
1634887468000,102,500,14,100
1634887469000,102,500,14,100
1634887470000,102,500,14,100
1634887471000,102,500,14,100
1634887472000,102,500,14,100
1634887473000,102,500,14,100
1634887474000,102,500,14,100
1634887475000,102,500,14,100
1634887476000,102,500,14,100
1634887477000,102,500,14,100
1634887478000,102,500,14,100
1634887479000,102,500,14,100
1634887480000,102,500,14,100
1634887481000,102,500,14,200
1634887482000,102,500,14,200
1634887483000,102,500,14,200
1634887484000,102,500,14,200
1634887485000,102,500,14,200
1634887486000,102,500,14,200
1634887487000,102,500,14,200
1634887488000,102,500,14,200
1634887489000,102,500,14,200
1634887490000,102,500,14,200
1634887491000,102,500,14,200
1634887492000,102,500,14,200
1634887493000,102,500,14,200
1634887494000,102,500,14,200
1634887495000,102,500,14,200
1634887496000,102,500,14,200
1634887497000,102,500,14,200
1634887498000,102,500,14,200
1634887499000,102,500,14,200
1634887500000,102,500,14,200
1634887501000,102,500,14,200
1634887502000,102,500,14,200
1634887503000,102,500,14,200
1634887504000,102,500,14,200
1634887505000,102,500,14,200
1634887506000,102,500,14,200
1634887507000,102,500,14,300
1634887508000,102,500,14,300
1634887509000,102,500,14,300
1634887510000,102,500,14,300
1634887511000,102,500,14,300
1634887512000,102,500,14,300
1634887513000,102,500,14,300
1634887514000,102,500,14,300
1634887515000,102,500,14,300
1634887516000,102,500,14,300
1634887517000,102,500,14,300
1634887518000,102,500,14,300
1634887519000,102,500,14,300
1634887520000,102,500,14,300
1634887521000,102,500,14,300
1634887522000,102,500,14,300
1634887523000,102,500,14,300
1634887524000,102,500,14,300
1634887525000,102,500,14,300
1634887526000,102,500,14,300
1634887527000,102,500,14,400
1634887528000,102,500,14,400
1634887529000,102,500,14,400
1634887530000,102,500,14,400
1634887531000,102,500,14,400
1634887532000,102,500,14,400
1634887533000,102,500,14,400
1634887534000,102,500,14,400
1634887535000,102,500,14,400
1634887536000,102,500,14,400
1634887537000,102,500,14,400
1634887538000,102,500,14,500
1634887539000,102,500,14,500
1634887540000,102,500,14,500
1634887541000,102,500,14,500
1634887542000,102,500,14,500
1634887543000,102,500,14,500
1634887544000,102,500,14,500
1634887545000,102,500,14,500
1634887546000,102,500,14,500
1634887547000,102,500,14,500
1634887548000,102,500,14,500
1634887549000,102,500,14,500
1634887550000,102,500,14,500
1634887551000,102,500,14,500
1634887552000,102,500,14,500
1634887553000,102,500,14,600
1634887554000,102,500,14,600
1634887555000,102,500,14,600
1634887556000,102,500,14,600
1634887557000,102,500,14,600
1634887558000,102,500,14,600
1634887559000,102,500,14,700
1634887560000,102,500,14,700
1634887561000,102,500,14,700
1634887562000,102,500,14,700
1634887563000,102,500,14,700
1634887564000,102,500,14,700
1634887565000,102,500,14,700
1634887566000,102,500,14,700
1634887567000,102,500,14,700
1634887568000,102,500,14,700
1634887569000,102,500,14,700
1634887570000,102,500,14,700
1634887571000,102,500,14,700
1634887572000,102,500,14,700
1634887573000,102,500,14,700
1634887574000,102,500,14,700
1634887575000,102,500,14,700
1634887576000,102,500,14,700
1634887577000,102,500,14,700
1634887578000,102,500,14,700
1634887579000,102,500,14,700
1634887580000,102,500,14,700
1634887581000,102,500,14,800
1634887582000,102,500,14,800
1634887583000,102,500,14,800
1634887584000,102,500,14,800
1634887585000,102,500,14,800
1634887586000,102,500,14,800
1634887587000,102,500,14,800
1634887588000,102,500,14,900
1634887589000,102,500,14,900
1634887590000,102,500,14,900
1634887591000,102,500,14,900
1634887592000,102,500,14,900
1634887593000,102,500,14,1000
1634887594000,102,500,14,1000
1634887595000,102,500,14,1000
1634887596000,102,500,14,1000
1634887597000,102,500,14,1000
1634887598000,102,500,14,1000
1634887599000,102,500,14,1000
1634887600000,102,500,14,1000
1634887601000,102,500,14,1000
1634887602000,102,500,14,1000
1634887603000,102,500,14,1000
1634887604000,102,500,14,1000
1634887605000,102,500,14,1000
1634887606000,102,500,14,1000
