unixtime,datetime,order_sheet
1634885855000,2021-10-22 15:57:35+09:00,DEN050001
1634885942000,2021-10-22 15:59:02+09:00,DEN050002
1634886107000,2021-10-22 16:01:47+09:00,DEN050003
1634886330000,2021-10-22 16:05:30+09:00,DEN050004
1634886430000,2021-10-22 16:07:10+09:00,DEN050005
1634886534000,2021-10-22 16:08:54+09:00,DEN050006
1634886679000,2021-10-22 16:11:19+09:00,DEN050007
1634886903000,2021-10-22 16:15:03+09:00,DEN050008
1634887007000,2021-10-22 16:16:47+09:00,DEN050009
1634887105000,2021-10-22 16:18:25+09:00,DEN050010
1634887242000,2021-10-22 16:20:42+09:00,DEN050011
1634887345000,2021-10-22 16:22:25+09:00,DEN050012
1634887439000,2021-10-22 16:23:59+09:00,DEN050013
1634887580000,2021-10-22 16:26:20+09:00,DEN050014
