unixtime,user,session,box,operation,action
1634885786000,U0102,S0500,1,100,104
1634885787000,U0102,S0500,1,100,104
1634885788000,U0102,S0500,1,100,104
1634885789000,U0102,S0500,1,100,104
1634885790000,U0102,S0500,1,100,104
1634885791000,U0102,S0500,1,100,104
1634885792000,U0102,S0500,1,100,105
1634885793000,U0102,S0500,1,100,105
1634885794000,U0102,S0500,1,100,105
1634885795000,U0102,S0500,1,100,105
1634885796000,U0102,S0500,1,200,206
1634885797000,U0102,S0500,1,200,206
1634885798000,U0102,S0500,1,200,206
1634885799000,U0102,S0500,1,200,207
1634885800000,U0102,S0500,1,200,207
1634885801000,U0102,S0500,1,200,207
1634885802000,U0102,S0500,1,200,207
1634885803000,U0102,S0500,1,200,207
1634885804000,U0102,S0500,1,300,306
1634885805000,U0102,S0500,1,300,306
1634885806000,U0102,S0500,1,300,306
1634885807000,U0102,S0500,1,300,306
1634885808000,U0102,S0500,1,300,306
1634885809000,U0102,S0500,1,300,306
1634885810000,U0102,S0500,1,300,306
1634885811000,U0102,S0500,1,300,306
1634885812000,U0102,S0500,1,300,306
1634885813000,U0102,S0500,1,300,306
1634885814000,U0102,S0500,1,300,306
1634885815000,U0102,S0500,1,300,306
1634885816000,U0102,S0500,1,300,306
1634885817000,U0102,S0500,1,300,306
1634885818000,U0102,S0500,1,300,306
1634885819000,U0102,S0500,1,400,405
1634885820000,U0102,S0500,1,400,405
1634885821000,U0102,S0500,1,400,405
1634885822000,U0102,S0500,1,400,405
1634885823000,U0102,S0500,1,400,405
1634885824000,U0102,S0500,1,400,405
1634885825000,U0102,S0500,1,500,503
1634885826000,U0102,S0500,1,500,503
1634885827000,U0102,S0500,1,500,503
1634885828000,U0102,S0500,1,500,503
1634885829000,U0102,S0500,1,500,503
1634885830000,U0102,S0500,1,500,503
1634885831000,U0102,S0500,1,500,503
1634885832000,U0102,S0500,1,500,503
1634885833000,U0102,S0500,1,500,503
1634885834000,U0102,S0500,1,500,503
1634885835000,U0102,S0500,1,500,503
1634885836000,U0102,S0500,1,600,602
1634885837000,U0102,S0500,1,600,602
1634885838000,U0102,S0500,1,600,602
1634885839000,U0102,S0500,1,700,708
1634885840000,U0102,S0500,1,700,708
1634885841000,U0102,S0500,1,700,708
1634885842000,U0102,S0500,1,700,708
1634885843000,U0102,S0500,1,700,708
1634885844000,U0102,S0500,1,700,708
1634885845000,U0102,S0500,1,700,708
1634885846000,U0102,S0500,1,700,708
1634885847000,U0102,S0500,1,700,708
1634885848000,U0102,S0500,1,700,708
1634885849000,U0102,S0500,1,700,708
1634885850000,U0102,S0500,1,700,708
1634885851000,U0102,S0500,1,700,709
1634885852000,U0102,S0500,1,700,709
1634885853000,U0102,S0500,1,700,709
1634885854000,U0102,S0500,1,700,709
1634885855000,U0102,S0500,1,700,709
1634885856000,U0102,S0500,1,800,803
1634885857000,U0102,S0500,1,800,803
1634885858000,U0102,S0500,1,800,803
1634885859000,U0102,S0500,1,800,803
1634885860000,U0102,S0500,1,800,803
1634885861000,U0102,S0500,1,800,803
1634885862000,U0102,S0500,1,800,803
1634885863000,U0102,S0500,1,800,803
1634885864000,U0102,S0500,1,800,803
1634885865000,U0102,S0500,1,900,903
1634885866000,U0102,S0500,1,900,903
1634885867000,U0102,S0500,1,900,903
1634885868000,U0102,S0500,1,900,903
1634885869000,U0102,S0500,1,1000,1004
1634885870000,U0102,S0500,1,1000,1004
1634885871000,U0102,S0500,1,1000,1004
1634885872000,U0102,S0500,1,1000,1004
1634885873000,U0102,S0500,1,1000,1004
1634885874000,U0102,S0500,1,1000,1004
1634885875000,U0102,S0500,2,100,104
1634885876000,U0102,S0500,2,100,104
1634885877000,U0102,S0500,2,100,104
1634885878000,U0102,S0500,2,100,104
1634885879000,U0102,S0500,2,100,105
1634885880000,U0102,S0500,2,100,105
1634885881000,U0102,S0500,2,100,105
1634885882000,U0102,S0500,2,200,206
1634885883000,U0102,S0500,2,200,206
1634885884000,U0102,S0500,2,200,206
1634885885000,U0102,S0500,2,200,206
1634885886000,U0102,S0500,2,200,206
1634885887000,U0102,S0500,2,200,207
1634885888000,U0102,S0500,2,200,207
1634885889000,U0102,S0500,2,200,207
1634885890000,U0102,S0500,2,200,207
1634885891000,U0102,S0500,2,200,207
1634885892000,U0102,S0500,2,300,306
1634885893000,U0102,S0500,2,300,306
1634885894000,U0102,S0500,2,300,306
1634885895000,U0102,S0500,2,300,306
1634885896000,U0102,S0500,2,300,306
1634885897000,U0102,S0500,2,300,306
1634885898000,U0102,S0500,2,300,306
1634885899000,U0102,S0500,2,300,306
1634885900000,U0102,S0500,2,300,306
1634885901000,U0102,S0500,2,300,306
1634885902000,U0102,S0500,2,300,306
1634885903000,U0102,S0500,2,300,306
1634885904000,U0102,S0500,2,300,306
1634885905000,U0102,S0500,2,300,306
1634885906000,U0102,S0500,2,300,306
1634885907000,U0102,S0500,2,300,306
1634885908000,U0102,S0500,2,400,405
1634885909000,U0102,S0500,2,400,405
1634885910000,U0102,S0500,2,400,405
1634885911000,U0102,S0500,2,400,405
1634885912000,U0102,S0500,2,400,405
1634885913000,U0102,S0500,2,500,503
1634885914000,U0102,S0500,2,500,503
1634885915000,U0102,S0500,2,500,503
1634885916000,U0102,S0500,2,500,503
1634885917000,U0102,S0500,2,500,503
1634885918000,U0102,S0500,2,500,503
1634885919000,U0102,S0500,2,500,503
1634885920000,U0102,S0500,2,500,503
1634885921000,U0102,S0500,2,500,503
1634885922000,U0102,S0500,2,500,503
1634885923000,U0102,S0500,2,500,503
1634885924000,U0102,S0500,2,500,503
1634885925000,U0102,S0500,2,600,602
1634885926000,U0102,S0500,2,600,602
1634885927000,U0102,S0500,2,600,602
1634885928000,U0102,S0500,2,600,602
1634885929000,U0102,S0500,2,600,602
1634885930000,U0102,S0500,2,700,708
1634885931000,U0102,S0500,2,700,708
1634885932000,U0102,S0500,2,700,708
1634885933000,U0102,S0500,2,700,708
1634885934000,U0102,S0500,2,700,708
1634885935000,U0102,S0500,2,700,708
1634885936000,U0102,S0500,2,700,708
1634885937000,U0102,S0500,2,700,709
1634885938000,U0102,S0500,2,700,709
1634885939000,U0102,S0500,2,700,709
1634885940000,U0102,S0500,2,700,709
1634885941000,U0102,S0500,2,700,709
1634885942000,U0102,S0500,2,700,709
1634885943000,U0102,S0500,2,800,803
1634885944000,U0102,S0500,2,800,803
1634885945000,U0102,S0500,2,800,803
1634885946000,U0102,S0500,2,800,803
1634885947000,U0102,S0500,2,800,803
1634885948000,U0102,S0500,2,800,803
1634885949000,U0102,S0500,2,900,903
1634885950000,U0102,S0500,2,900,903
1634885951000,U0102,S0500,2,900,903
1634885952000,U0102,S0500,2,900,903
1634885953000,U0102,S0500,2,900,903
1634885954000,U0102,S0500,2,1000,1004
1634885955000,U0102,S0500,2,1000,1004
1634885956000,U0102,S0500,2,1000,1004
1634885957000,U0102,S0500,2,1000,1004
1634885958000,U0102,S0500,2,1000,1004
1634885959000,U0102,S0500,2,1000,1004
1634885960000,U0102,S0500,3,100,104
1634885961000,U0102,S0500,3,100,104
1634885962000,U0102,S0500,3,100,104
1634885963000,U0102,S0500,3,100,104
1634885964000,U0102,S0500,3,100,104
1634885965000,U0102,S0500,3,100,104
1634885966000,U0102,S0500,3,100,104
1634885967000,U0102,S0500,3,100,104
1634885968000,U0102,S0500,3,100,104
1634885969000,U0102,S0500,3,100,104
1634885970000,U0102,S0500,3,100,104
1634885971000,U0102,S0500,3,100,104
1634885972000,U0102,S0500,3,100,104
1634885973000,U0102,S0500,3,100,105
1634885974000,U0102,S0500,3,100,105
1634885975000,U0102,S0500,3,100,105
1634885976000,U0102,S0500,3,100,105
1634885977000,U0102,S0500,3,100,105
1634885978000,U0102,S0500,3,100,105
1634885979000,U0102,S0500,3,100,105
1634885980000,U0102,S0500,3,100,105
1634885981000,U0102,S0500,3,100,105
1634885982000,U0102,S0500,3,200,206
1634885983000,U0102,S0500,3,200,206
1634885984000,U0102,S0500,3,200,206
1634885985000,U0102,S0500,3,200,206
1634885986000,U0102,S0500,3,200,206
1634885987000,U0102,S0500,3,200,206
1634885988000,U0102,S0500,3,200,206
1634885989000,U0102,S0500,3,200,206
1634885990000,U0102,S0500,3,200,206
1634885991000,U0102,S0500,3,200,206
1634885992000,U0102,S0500,3,200,206
1634885993000,U0102,S0500,3,200,206
1634885994000,U0102,S0500,3,200,206
1634885995000,U0102,S0500,3,200,206
1634885996000,U0102,S0500,3,200,206
1634885997000,U0102,S0500,3,200,206
1634885998000,U0102,S0500,3,200,206
1634885999000,U0102,S0500,3,200,206
1634886000000,U0102,S0500,3,200,206
1634886001000,U0102,S0500,3,200,206
1634886002000,U0102,S0500,3,200,206
1634886003000,U0102,S0500,3,200,206
1634886004000,U0102,S0500,3,200,206
1634886005000,U0102,S0500,3,200,206
1634886006000,U0102,S0500,3,200,206
1634886007000,U0102,S0500,3,200,206
1634886008000,U0102,S0500,3,200,206
1634886009000,U0102,S0500,3,200,206
1634886010000,U0102,S0500,3,200,207
1634886011000,U0102,S0500,3,200,207
1634886012000,U0102,S0500,3,200,207
1634886013000,U0102,S0500,3,200,207
1634886014000,U0102,S0500,3,200,207
1634886015000,U0102,S0500,3,200,207
1634886016000,U0102,S0500,3,200,207
1634886017000,U0102,S0500,3,200,207
1634886018000,U0102,S0500,3,200,207
1634886019000,U0102,S0500,3,200,207
1634886020000,U0102,S0500,3,200,207
1634886021000,U0102,S0500,3,200,207
1634886022000,U0102,S0500,3,200,207
1634886023000,U0102,S0500,3,200,207
1634886024000,U0102,S0500,3,200,207
1634886025000,U0102,S0500,3,200,207
1634886026000,U0102,S0500,3,200,207
1634886027000,U0102,S0500,3,200,207
1634886028000,U0102,S0500,3,200,207
1634886029000,U0102,S0500,3,200,207
1634886030000,U0102,S0500,3,200,207
1634886031000,U0102,S0500,3,200,207
1634886032000,U0102,S0500,3,300,306
1634886033000,U0102,S0500,3,300,306
1634886034000,U0102,S0500,3,300,306
1634886035000,U0102,S0500,3,300,306
1634886036000,U0102,S0500,3,300,306
1634886037000,U0102,S0500,3,300,306
1634886038000,U0102,S0500,3,300,306
1634886039000,U0102,S0500,3,300,306
1634886040000,U0102,S0500,3,300,306
1634886041000,U0102,S0500,3,300,306
1634886042000,U0102,S0500,3,300,306
1634886043000,U0102,S0500,3,300,306
1634886044000,U0102,S0500,3,300,306
1634886045000,U0102,S0500,3,300,306
1634886046000,U0102,S0500,3,300,306
1634886047000,U0102,S0500,3,300,306
1634886048000,U0102,S0500,3,300,306
1634886049000,U0102,S0500,3,300,306
1634886050000,U0102,S0500,3,400,405
1634886051000,U0102,S0500,3,400,405
1634886052000,U0102,S0500,3,400,405
1634886053000,U0102,S0500,3,400,405
1634886054000,U0102,S0500,3,400,405
1634886055000,U0102,S0500,3,400,405
1634886056000,U0102,S0500,3,400,405
1634886057000,U0102,S0500,3,400,405
1634886058000,U0102,S0500,3,400,405
1634886059000,U0102,S0500,3,400,405
1634886060000,U0102,S0500,3,400,405
1634886061000,U0102,S0500,3,400,405
1634886062000,U0102,S0500,3,400,405
1634886063000,U0102,S0500,3,400,405
1634886064000,U0102,S0500,3,400,405
1634886065000,U0102,S0500,3,500,503
1634886066000,U0102,S0500,3,500,503
1634886067000,U0102,S0500,3,500,503
1634886068000,U0102,S0500,3,500,503
1634886069000,U0102,S0500,3,500,503
1634886070000,U0102,S0500,3,500,503
1634886071000,U0102,S0500,3,500,503
1634886072000,U0102,S0500,3,500,503
1634886073000,U0102,S0500,3,500,503
1634886074000,U0102,S0500,3,500,503
1634886075000,U0102,S0500,3,500,503
1634886076000,U0102,S0500,3,500,503
1634886077000,U0102,S0500,3,600,602
1634886078000,U0102,S0500,3,600,602
1634886079000,U0102,S0500,3,600,602
1634886080000,U0102,S0500,3,700,708
1634886081000,U0102,S0500,3,700,708
1634886082000,U0102,S0500,3,700,708
1634886083000,U0102,S0500,3,700,708
1634886084000,U0102,S0500,3,700,708
1634886085000,U0102,S0500,3,700,708
1634886086000,U0102,S0500,3,700,708
1634886087000,U0102,S0500,3,700,708
1634886088000,U0102,S0500,3,700,708
1634886089000,U0102,S0500,3,700,708
1634886090000,U0102,S0500,3,700,708
1634886091000,U0102,S0500,3,700,708
1634886092000,U0102,S0500,3,700,708
1634886093000,U0102,S0500,3,700,708
1634886094000,U0102,S0500,3,700,708
1634886095000,U0102,S0500,3,700,708
1634886096000,U0102,S0500,3,700,708
1634886097000,U0102,S0500,3,700,708
1634886098000,U0102,S0500,3,700,708
1634886099000,U0102,S0500,3,700,708
1634886100000,U0102,S0500,3,700,708
1634886101000,U0102,S0500,3,700,708
1634886102000,U0102,S0500,3,700,709
1634886103000,U0102,S0500,3,700,709
1634886104000,U0102,S0500,3,700,709
1634886105000,U0102,S0500,3,700,709
1634886106000,U0102,S0500,3,700,709
1634886107000,U0102,S0500,3,700,709
1634886108000,U0102,S0500,3,800,803
1634886109000,U0102,S0500,3,800,803
1634886110000,U0102,S0500,3,800,803
1634886111000,U0102,S0500,3,800,803
1634886112000,U0102,S0500,3,800,803
1634886113000,U0102,S0500,3,800,803
1634886114000,U0102,S0500,3,800,803
1634886115000,U0102,S0500,3,900,903
1634886116000,U0102,S0500,3,900,903
1634886117000,U0102,S0500,3,900,903
1634886118000,U0102,S0500,3,900,903
1634886119000,U0102,S0500,3,900,903
1634886120000,U0102,S0500,3,900,903
1634886121000,U0102,S0500,3,1000,1004
1634886122000,U0102,S0500,3,1000,1004
1634886123000,U0102,S0500,3,1000,1004
1634886124000,U0102,S0500,3,1000,1004
1634886125000,U0102,S0500,3,1000,1004
1634886126000,U0102,S0500,3,1000,1004
1634886127000,U0102,S0500,3,1000,1004
1634886128000,U0102,S0500,3,1000,1004
1634886129000,U0102,S0500,3,1000,1004
1634886130000,U0102,S0500,3,1000,1004
1634886131000,U0102,S0500,3,1000,1004
1634886132000,U0102,S0500,3,1000,1004
1634886133000,U0102,S0500,3,1000,1004
1634886134000,U0102,S0500,3,1000,1004
1634886135000,U0102,S0500,3,1000,1004
1634886136000,U0102,S0500,3,1000,1004
1634886137000,U0102,S0500,3,1000,1004
1634886138000,U0102,S0500,3,1000,1004
1634886139000,U0102,S0500,3,1000,1004
1634886140000,U0102,S0500,3,1000,1004
1634886141000,U0102,S0500,4,100,104
1634886142000,U0102,S0500,4,100,104
1634886143000,U0102,S0500,4,100,104
1634886144000,U0102,S0500,4,100,104
1634886145000,U0102,S0500,4,100,104
1634886146000,U0102,S0500,4,100,104
1634886147000,U0102,S0500,4,100,104
1634886148000,U0102,S0500,4,100,104
1634886149000,U0102,S0500,4,100,104
1634886150000,U0102,S0500,4,100,104
1634886151000,U0102,S0500,4,100,104
1634886152000,U0102,S0500,4,100,104
1634886153000,U0102,S0500,4,100,105
1634886154000,U0102,S0500,4,100,105
1634886155000,U0102,S0500,4,100,105
1634886156000,U0102,S0500,4,100,105
1634886157000,U0102,S0500,4,100,105
1634886158000,U0102,S0500,4,100,105
1634886159000,U0102,S0500,4,100,105
1634886160000,U0102,S0500,4,100,105
1634886161000,U0102,S0500,4,100,105
1634886162000,U0102,S0500,4,100,105
1634886163000,U0102,S0500,4,100,105
1634886164000,U0102,S0500,4,100,105
1634886165000,U0102,S0500,4,200,206
1634886166000,U0102,S0500,4,200,206
1634886167000,U0102,S0500,4,200,206
1634886168000,U0102,S0500,4,200,206
1634886169000,U0102,S0500,4,200,206
1634886170000,U0102,S0500,4,200,206
1634886171000,U0102,S0500,4,200,206
1634886172000,U0102,S0500,4,200,206
1634886173000,U0102,S0500,4,200,206
1634886174000,U0102,S0500,4,200,206
1634886175000,U0102,S0500,4,200,206
1634886176000,U0102,S0500,4,200,206
1634886177000,U0102,S0500,4,200,206
1634886178000,U0102,S0500,4,200,206
1634886179000,U0102,S0500,4,200,206
1634886180000,U0102,S0500,4,200,206
1634886181000,U0102,S0500,4,200,206
1634886182000,U0102,S0500,4,200,206
1634886183000,U0102,S0500,4,200,206
1634886184000,U0102,S0500,4,200,206
1634886185000,U0102,S0500,4,200,206
1634886186000,U0102,S0500,4,200,206
1634886187000,U0102,S0500,4,200,206
1634886188000,U0102,S0500,4,200,206
1634886189000,U0102,S0500,4,200,206
1634886190000,U0102,S0500,4,200,206
1634886191000,U0102,S0500,4,200,206
1634886192000,U0102,S0500,4,200,206
1634886193000,U0102,S0500,4,200,206
1634886194000,U0102,S0500,4,200,207
1634886195000,U0102,S0500,4,200,207
1634886196000,U0102,S0500,4,200,207
1634886197000,U0102,S0500,4,200,207
1634886198000,U0102,S0500,4,200,207
1634886199000,U0102,S0500,4,200,207
1634886200000,U0102,S0500,4,200,207
1634886201000,U0102,S0500,4,200,207
1634886202000,U0102,S0500,4,200,207
1634886203000,U0102,S0500,4,200,207
1634886204000,U0102,S0500,4,200,207
1634886205000,U0102,S0500,4,200,207
1634886206000,U0102,S0500,4,200,207
1634886207000,U0102,S0500,4,200,207
1634886208000,U0102,S0500,4,200,207
1634886209000,U0102,S0500,4,200,207
1634886210000,U0102,S0500,4,200,207
1634886211000,U0102,S0500,4,200,207
1634886212000,U0102,S0500,4,200,207
1634886213000,U0102,S0500,4,200,207
1634886214000,U0102,S0500,4,200,207
1634886215000,U0102,S0500,4,200,207
1634886216000,U0102,S0500,4,200,207
1634886217000,U0102,S0500,4,200,207
1634886218000,U0102,S0500,4,300,306
1634886219000,U0102,S0500,4,300,306
1634886220000,U0102,S0500,4,300,306
1634886221000,U0102,S0500,4,300,306
1634886222000,U0102,S0500,4,300,306
1634886223000,U0102,S0500,4,300,306
1634886224000,U0102,S0500,4,300,306
1634886225000,U0102,S0500,4,300,306
1634886226000,U0102,S0500,4,300,306
1634886227000,U0102,S0500,4,300,306
1634886228000,U0102,S0500,4,300,306
1634886229000,U0102,S0500,4,300,306
1634886230000,U0102,S0500,4,300,306
1634886231000,U0102,S0500,4,300,306
1634886232000,U0102,S0500,4,300,306
1634886233000,U0102,S0500,4,300,306
1634886234000,U0102,S0500,4,300,306
1634886235000,U0102,S0500,4,300,306
1634886236000,U0102,S0500,4,300,306
1634886237000,U0102,S0500,4,300,306
1634886238000,U0102,S0500,4,400,405
1634886239000,U0102,S0500,4,400,405
1634886240000,U0102,S0500,4,400,405
1634886241000,U0102,S0500,4,400,405
1634886242000,U0102,S0500,4,400,405
1634886243000,U0102,S0500,4,400,405
1634886244000,U0102,S0500,4,400,405
1634886245000,U0102,S0500,4,400,405
1634886246000,U0102,S0500,4,400,405
1634886247000,U0102,S0500,4,400,405
1634886248000,U0102,S0500,4,400,405
1634886249000,U0102,S0500,4,400,405
1634886250000,U0102,S0500,4,400,405
1634886251000,U0102,S0500,4,400,405
1634886252000,U0102,S0500,4,400,405
1634886253000,U0102,S0500,4,400,405
1634886254000,U0102,S0500,4,400,405
1634886255000,U0102,S0500,4,400,405
1634886256000,U0102,S0500,4,400,405
1634886257000,U0102,S0500,4,400,405
1634886258000,U0102,S0500,4,400,405
1634886259000,U0102,S0500,4,400,405
1634886260000,U0102,S0500,4,400,405
1634886261000,U0102,S0500,4,400,405
1634886262000,U0102,S0500,4,500,503
1634886263000,U0102,S0500,4,500,503
1634886264000,U0102,S0500,4,500,503
1634886265000,U0102,S0500,4,500,503
1634886266000,U0102,S0500,4,500,503
1634886267000,U0102,S0500,4,500,503
1634886268000,U0102,S0500,4,500,503
1634886269000,U0102,S0500,4,500,503
1634886270000,U0102,S0500,4,500,503
1634886271000,U0102,S0500,4,500,503
1634886272000,U0102,S0500,4,500,503
1634886273000,U0102,S0500,4,500,503
1634886274000,U0102,S0500,4,500,503
1634886275000,U0102,S0500,4,500,503
1634886276000,U0102,S0500,4,600,602
1634886277000,U0102,S0500,4,600,602
1634886278000,U0102,S0500,4,600,602
1634886279000,U0102,S0500,4,600,602
1634886280000,U0102,S0500,4,600,602
1634886281000,U0102,S0500,4,600,602
1634886282000,U0102,S0500,4,700,708
1634886283000,U0102,S0500,4,700,708
1634886284000,U0102,S0500,4,700,708
1634886285000,U0102,S0500,4,700,708
1634886286000,U0102,S0500,4,700,708
1634886287000,U0102,S0500,4,700,708
1634886288000,U0102,S0500,4,700,708
1634886289000,U0102,S0500,4,700,708
1634886290000,U0102,S0500,4,700,708
1634886291000,U0102,S0500,4,700,708
1634886292000,U0102,S0500,4,700,708
1634886293000,U0102,S0500,4,700,708
1634886294000,U0102,S0500,4,700,708
1634886295000,U0102,S0500,4,700,708
1634886296000,U0102,S0500,4,700,708
1634886297000,U0102,S0500,4,700,708
1634886298000,U0102,S0500,4,700,708
1634886299000,U0102,S0500,4,700,708
1634886300000,U0102,S0500,4,700,708
1634886301000,U0102,S0500,4,700,708
1634886302000,U0102,S0500,4,700,708
1634886303000,U0102,S0500,4,700,708
1634886304000,U0102,S0500,4,700,708
1634886305000,U0102,S0500,4,700,708
1634886306000,U0102,S0500,4,700,708
1634886307000,U0102,S0500,4,700,708
1634886308000,U0102,S0500,4,700,708
1634886309000,U0102,S0500,4,700,708
1634886310000,U0102,S0500,4,700,708
1634886311000,U0102,S0500,4,700,708
1634886312000,U0102,S0500,4,700,708
1634886313000,U0102,S0500,4,700,708
1634886314000,U0102,S0500,4,700,708
1634886315000,U0102,S0500,4,700,708
1634886316000,U0102,S0500,4,700,708
1634886317000,U0102,S0500,4,700,708
1634886318000,U0102,S0500,4,700,708
1634886319000,U0102,S0500,4,700,708
1634886320000,U0102,S0500,4,700,708
1634886321000,U0102,S0500,4,700,708
1634886322000,U0102,S0500,4,700,708
1634886323000,U0102,S0500,4,700,708
1634886324000,U0102,S0500,4,700,708
1634886325000,U0102,S0500,4,700,709
1634886326000,U0102,S0500,4,700,709
1634886327000,U0102,S0500,4,700,709
1634886328000,U0102,S0500,4,700,709
1634886329000,U0102,S0500,4,700,709
1634886330000,U0102,S0500,4,700,709
1634886331000,U0102,S0500,4,800,803
1634886332000,U0102,S0500,4,800,803
1634886333000,U0102,S0500,4,800,803
1634886334000,U0102,S0500,4,800,803
1634886335000,U0102,S0500,4,800,803
1634886336000,U0102,S0500,4,800,803
1634886337000,U0102,S0500,4,800,803
1634886338000,U0102,S0500,4,900,903
1634886339000,U0102,S0500,4,900,903
1634886340000,U0102,S0500,4,900,903
1634886341000,U0102,S0500,4,900,903
1634886342000,U0102,S0500,4,900,903
1634886343000,U0102,S0500,4,1000,1004
1634886344000,U0102,S0500,4,1000,1004
1634886345000,U0102,S0500,4,1000,1004
1634886346000,U0102,S0500,4,1000,1004
1634886347000,U0102,S0500,4,1000,1004
1634886348000,U0102,S0500,4,1000,1004
1634886349000,U0102,S0500,4,1000,1004
1634886350000,U0102,S0500,4,1000,1004
1634886351000,U0102,S0500,4,1000,1004
1634886352000,U0102,S0500,4,1000,1004
1634886353000,U0102,S0500,4,1000,1004
1634886354000,U0102,S0500,4,1000,1004
1634886355000,U0102,S0500,4,1000,1004
1634886356000,U0102,S0500,4,1000,1004
1634886357000,U0102,S0500,4,1000,1004
1634886358000,U0102,S0500,4,1000,1004
1634886359000,U0102,S0500,4,1000,1004
1634886360000,U0102,S0500,4,1000,1004
1634886361000,U0102,S0500,5,100,104
1634886362000,U0102,S0500,5,100,104
1634886363000,U0102,S0500,5,100,104
1634886364000,U0102,S0500,5,100,104
1634886365000,U0102,S0500,5,100,105
1634886366000,U0102,S0500,5,100,105
1634886367000,U0102,S0500,5,100,105
1634886368000,U0102,S0500,5,200,206
1634886369000,U0102,S0500,5,200,206
1634886370000,U0102,S0500,5,200,206
1634886371000,U0102,S0500,5,200,206
1634886372000,U0102,S0500,5,200,206
1634886373000,U0102,S0500,5,200,207
1634886374000,U0102,S0500,5,200,207
1634886375000,U0102,S0500,5,200,207
1634886376000,U0102,S0500,5,200,207
1634886377000,U0102,S0500,5,200,207
1634886378000,U0102,S0500,5,300,306
1634886379000,U0102,S0500,5,300,306
1634886380000,U0102,S0500,5,300,306
1634886381000,U0102,S0500,5,300,306
1634886382000,U0102,S0500,5,300,306
1634886383000,U0102,S0500,5,300,306
1634886384000,U0102,S0500,5,300,306
1634886385000,U0102,S0500,5,300,306
1634886386000,U0102,S0500,5,300,306
1634886387000,U0102,S0500,5,300,306
1634886388000,U0102,S0500,5,300,306
1634886389000,U0102,S0500,5,300,306
1634886390000,U0102,S0500,5,300,306
1634886391000,U0102,S0500,5,300,306
1634886392000,U0102,S0500,5,300,306
1634886393000,U0102,S0500,5,400,405
1634886394000,U0102,S0500,5,400,405
1634886395000,U0102,S0500,5,400,405
1634886396000,U0102,S0500,5,400,405
1634886397000,U0102,S0500,5,400,405
1634886398000,U0102,S0500,5,400,405
1634886399000,U0102,S0500,5,400,405
1634886400000,U0102,S0500,5,400,405
1634886401000,U0102,S0500,5,500,503
1634886402000,U0102,S0500,5,500,503
1634886403000,U0102,S0500,5,500,503
1634886404000,U0102,S0500,5,500,503
1634886405000,U0102,S0500,5,500,503
1634886406000,U0102,S0500,5,500,503
1634886407000,U0102,S0500,5,500,503
1634886408000,U0102,S0500,5,500,503
1634886409000,U0102,S0500,5,500,503
1634886410000,U0102,S0500,5,500,503
1634886411000,U0102,S0500,5,500,503
1634886412000,U0102,S0500,5,500,503
1634886413000,U0102,S0500,5,600,602
1634886414000,U0102,S0500,5,600,602
1634886415000,U0102,S0500,5,600,602
1634886416000,U0102,S0500,5,600,602
1634886417000,U0102,S0500,5,700,708
1634886418000,U0102,S0500,5,700,708
1634886419000,U0102,S0500,5,700,708
1634886420000,U0102,S0500,5,700,708
1634886421000,U0102,S0500,5,700,708
1634886422000,U0102,S0500,5,700,708
1634886423000,U0102,S0500,5,700,708
1634886424000,U0102,S0500,5,700,708
1634886425000,U0102,S0500,5,700,709
1634886426000,U0102,S0500,5,700,709
1634886427000,U0102,S0500,5,700,709
1634886428000,U0102,S0500,5,700,709
1634886429000,U0102,S0500,5,700,709
1634886430000,U0102,S0500,5,700,709
1634886431000,U0102,S0500,5,800,803
1634886432000,U0102,S0500,5,800,803
1634886433000,U0102,S0500,5,800,803
1634886434000,U0102,S0500,5,800,803
1634886435000,U0102,S0500,5,800,803
1634886436000,U0102,S0500,5,800,803
1634886437000,U0102,S0500,5,900,903
1634886438000,U0102,S0500,5,900,903
1634886439000,U0102,S0500,5,900,903
1634886440000,U0102,S0500,5,900,903
1634886441000,U0102,S0500,5,900,903
1634886442000,U0102,S0500,5,900,903
1634886443000,U0102,S0500,5,1000,1004
1634886444000,U0102,S0500,5,1000,1004
1634886445000,U0102,S0500,5,1000,1004
1634886446000,U0102,S0500,5,1000,1004
1634886447000,U0102,S0500,5,1000,1004
1634886448000,U0102,S0500,5,1000,1004
1634886449000,U0102,S0500,6,100,104
1634886450000,U0102,S0500,6,100,104
1634886451000,U0102,S0500,6,100,104
1634886452000,U0102,S0500,6,100,104
1634886453000,U0102,S0500,6,100,104
1634886454000,U0102,S0500,6,100,105
1634886455000,U0102,S0500,6,100,105
1634886456000,U0102,S0500,6,100,105
1634886457000,U0102,S0500,6,100,105
1634886458000,U0102,S0500,6,200,206
1634886459000,U0102,S0500,6,200,206
1634886460000,U0102,S0500,6,200,206
1634886461000,U0102,S0500,6,200,206
1634886462000,U0102,S0500,6,200,206
1634886463000,U0102,S0500,6,200,206
1634886464000,U0102,S0500,6,200,206
1634886465000,U0102,S0500,6,200,206
1634886466000,U0102,S0500,6,200,207
1634886467000,U0102,S0500,6,200,207
1634886468000,U0102,S0500,6,200,207
1634886469000,U0102,S0500,6,200,207
1634886470000,U0102,S0500,6,200,207
1634886471000,U0102,S0500,6,200,207
1634886472000,U0102,S0500,6,200,207
1634886473000,U0102,S0500,6,200,207
1634886474000,U0102,S0500,6,200,207
1634886475000,U0102,S0500,6,300,306
1634886476000,U0102,S0500,6,300,306
1634886477000,U0102,S0500,6,300,306
1634886478000,U0102,S0500,6,300,306
1634886479000,U0102,S0500,6,300,306
1634886480000,U0102,S0500,6,300,306
1634886481000,U0102,S0500,6,300,306
1634886482000,U0102,S0500,6,300,306
1634886483000,U0102,S0500,6,300,306
1634886484000,U0102,S0500,6,300,306
1634886485000,U0102,S0500,6,300,306
1634886486000,U0102,S0500,6,300,306
1634886487000,U0102,S0500,6,300,306
1634886488000,U0102,S0500,6,300,306
1634886489000,U0102,S0500,6,300,306
1634886490000,U0102,S0500,6,300,306
1634886491000,U0102,S0500,6,300,306
1634886492000,U0102,S0500,6,300,306
1634886493000,U0102,S0500,6,300,306
1634886494000,U0102,S0500,6,400,405
1634886495000,U0102,S0500,6,400,405
1634886496000,U0102,S0500,6,400,405
1634886497000,U0102,S0500,6,400,405
1634886498000,U0102,S0500,6,400,405
1634886499000,U0102,S0500,6,400,405
1634886500000,U0102,S0500,6,400,405
1634886501000,U0102,S0500,6,400,405
1634886502000,U0102,S0500,6,400,405
1634886503000,U0102,S0500,6,400,405
1634886504000,U0102,S0500,6,500,503
1634886505000,U0102,S0500,6,500,503
1634886506000,U0102,S0500,6,500,503
1634886507000,U0102,S0500,6,500,503
1634886508000,U0102,S0500,6,500,503
1634886509000,U0102,S0500,6,500,503
1634886510000,U0102,S0500,6,500,503
1634886511000,U0102,S0500,6,500,503
1634886512000,U0102,S0500,6,500,503
1634886513000,U0102,S0500,6,500,503
1634886514000,U0102,S0500,6,500,503
1634886515000,U0102,S0500,6,500,503
1634886516000,U0102,S0500,6,500,503
1634886517000,U0102,S0500,6,600,602
1634886518000,U0102,S0500,6,600,602
1634886519000,U0102,S0500,6,600,602
1634886520000,U0102,S0500,6,600,602
1634886521000,U0102,S0500,6,700,708
1634886522000,U0102,S0500,6,700,708
1634886523000,U0102,S0500,6,700,708
1634886524000,U0102,S0500,6,700,708
1634886525000,U0102,S0500,6,700,708
1634886526000,U0102,S0500,6,700,708
1634886527000,U0102,S0500,6,700,708
1634886528000,U0102,S0500,6,700,708
1634886529000,U0102,S0500,6,700,708
1634886530000,U0102,S0500,6,700,708
1634886531000,U0102,S0500,6,700,709
1634886532000,U0102,S0500,6,700,709
1634886533000,U0102,S0500,6,700,709
1634886534000,U0102,S0500,6,700,709
1634886535000,U0102,S0500,6,800,803
1634886536000,U0102,S0500,6,800,803
1634886537000,U0102,S0500,6,800,803
1634886538000,U0102,S0500,6,800,803
1634886539000,U0102,S0500,6,800,803
1634886540000,U0102,S0500,6,800,803
1634886541000,U0102,S0500,6,900,903
1634886542000,U0102,S0500,6,900,903
1634886543000,U0102,S0500,6,900,903
1634886544000,U0102,S0500,6,900,903
1634886545000,U0102,S0500,6,900,903
1634886546000,U0102,S0500,6,900,903
1634886547000,U0102,S0500,6,900,903
1634886548000,U0102,S0500,6,900,903
1634886549000,U0102,S0500,6,900,903
1634886550000,U0102,S0500,6,1000,1004
1634886551000,U0102,S0500,6,1000,1004
1634886552000,U0102,S0500,6,1000,1004
1634886553000,U0102,S0500,6,1000,1004
1634886554000,U0102,S0500,6,1000,1004
1634886555000,U0102,S0500,6,1000,1004
1634886556000,U0102,S0500,6,1000,1004
1634886557000,U0102,S0500,6,1000,1004
1634886558000,U0102,S0500,6,1000,1004
1634886559000,U0102,S0500,7,100,104
1634886560000,U0102,S0500,7,100,104
1634886561000,U0102,S0500,7,100,104
1634886562000,U0102,S0500,7,100,104
1634886563000,U0102,S0500,7,100,104
1634886564000,U0102,S0500,7,100,104
1634886565000,U0102,S0500,7,100,104
1634886566000,U0102,S0500,7,100,105
1634886567000,U0102,S0500,7,100,105
1634886568000,U0102,S0500,7,100,105
1634886569000,U0102,S0500,7,100,105
1634886570000,U0102,S0500,7,200,206
1634886571000,U0102,S0500,7,200,206
1634886572000,U0102,S0500,7,200,206
1634886573000,U0102,S0500,7,200,206
1634886574000,U0102,S0500,7,200,206
1634886575000,U0102,S0500,7,200,206
1634886576000,U0102,S0500,7,200,206
1634886577000,U0102,S0500,7,200,206
1634886578000,U0102,S0500,7,200,206
1634886579000,U0102,S0500,7,200,206
1634886580000,U0102,S0500,7,200,206
1634886581000,U0102,S0500,7,200,206
1634886582000,U0102,S0500,7,200,207
1634886583000,U0102,S0500,7,200,207
1634886584000,U0102,S0500,7,200,207
1634886585000,U0102,S0500,7,200,207
1634886586000,U0102,S0500,7,200,207
1634886587000,U0102,S0500,7,200,207
1634886588000,U0102,S0500,7,200,207
1634886589000,U0102,S0500,7,200,207
1634886590000,U0102,S0500,7,200,207
1634886591000,U0102,S0500,7,200,207
1634886592000,U0102,S0500,7,200,207
1634886593000,U0102,S0500,7,200,207
1634886594000,U0102,S0500,7,200,207
1634886595000,U0102,S0500,7,300,306
1634886596000,U0102,S0500,7,300,306
1634886597000,U0102,S0500,7,300,306
1634886598000,U0102,S0500,7,300,306
1634886599000,U0102,S0500,7,300,306
1634886600000,U0102,S0500,7,300,306
1634886601000,U0102,S0500,7,300,306
1634886602000,U0102,S0500,7,300,306
1634886603000,U0102,S0500,7,300,306
1634886604000,U0102,S0500,7,300,306
1634886605000,U0102,S0500,7,300,306
1634886606000,U0102,S0500,7,300,306
1634886607000,U0102,S0500,7,300,306
1634886608000,U0102,S0500,7,300,306
1634886609000,U0102,S0500,7,300,306
1634886610000,U0102,S0500,7,300,306
1634886611000,U0102,S0500,7,300,306
1634886612000,U0102,S0500,7,300,306
1634886613000,U0102,S0500,7,300,306
1634886614000,U0102,S0500,7,300,306
1634886615000,U0102,S0500,7,300,306
1634886616000,U0102,S0500,7,300,306
1634886617000,U0102,S0500,7,400,405
1634886618000,U0102,S0500,7,400,405
1634886619000,U0102,S0500,7,400,405
1634886620000,U0102,S0500,7,400,405
1634886621000,U0102,S0500,7,400,405
1634886622000,U0102,S0500,7,400,405
1634886623000,U0102,S0500,7,400,405
1634886624000,U0102,S0500,7,400,405
1634886625000,U0102,S0500,7,400,405
1634886626000,U0102,S0500,7,400,405
1634886627000,U0102,S0500,7,500,503
1634886628000,U0102,S0500,7,500,503
1634886629000,U0102,S0500,7,500,503
1634886630000,U0102,S0500,7,500,503
1634886631000,U0102,S0500,7,500,503
1634886632000,U0102,S0500,7,500,503
1634886633000,U0102,S0500,7,500,503
1634886634000,U0102,S0500,7,500,503
1634886635000,U0102,S0500,7,500,503
1634886636000,U0102,S0500,7,500,503
1634886637000,U0102,S0500,7,500,503
1634886638000,U0102,S0500,7,500,503
1634886639000,U0102,S0500,7,500,503
1634886640000,U0102,S0500,7,500,503
1634886641000,U0102,S0500,7,600,602
1634886642000,U0102,S0500,7,600,602
1634886643000,U0102,S0500,7,600,602
1634886644000,U0102,S0500,7,600,602
1634886645000,U0102,S0500,7,700,708
1634886646000,U0102,S0500,7,700,708
1634886647000,U0102,S0500,7,700,708
1634886648000,U0102,S0500,7,700,708
1634886649000,U0102,S0500,7,700,708
1634886650000,U0102,S0500,7,700,708
1634886651000,U0102,S0500,7,700,708
1634886652000,U0102,S0500,7,700,708
1634886653000,U0102,S0500,7,700,708
1634886654000,U0102,S0500,7,700,708
1634886655000,U0102,S0500,7,700,708
1634886656000,U0102,S0500,7,700,708
1634886657000,U0102,S0500,7,700,708
1634886658000,U0102,S0500,7,700,708
1634886659000,U0102,S0500,7,700,708
1634886660000,U0102,S0500,7,700,708
1634886661000,U0102,S0500,7,700,708
1634886662000,U0102,S0500,7,700,708
1634886663000,U0102,S0500,7,700,708
1634886664000,U0102,S0500,7,700,708
1634886665000,U0102,S0500,7,700,708
1634886666000,U0102,S0500,7,700,708
1634886667000,U0102,S0500,7,700,708
1634886668000,U0102,S0500,7,700,708
1634886669000,U0102,S0500,7,700,708
1634886670000,U0102,S0500,7,700,708
1634886671000,U0102,S0500,7,700,708
1634886672000,U0102,S0500,7,700,708
1634886673000,U0102,S0500,7,700,708
1634886674000,U0102,S0500,7,700,708
1634886675000,U0102,S0500,7,700,709
1634886676000,U0102,S0500,7,700,709
1634886677000,U0102,S0500,7,700,709
1634886678000,U0102,S0500,7,700,709
1634886679000,U0102,S0500,7,700,709
1634886680000,U0102,S0500,7,800,803
1634886681000,U0102,S0500,7,800,803
1634886682000,U0102,S0500,7,800,803
1634886683000,U0102,S0500,7,800,803
1634886684000,U0102,S0500,7,800,803
1634886685000,U0102,S0500,7,800,803
1634886686000,U0102,S0500,7,800,803
1634886687000,U0102,S0500,7,800,803
1634886688000,U0102,S0500,7,900,903
1634886689000,U0102,S0500,7,900,903
1634886690000,U0102,S0500,7,900,903
1634886691000,U0102,S0500,7,900,903
1634886692000,U0102,S0500,7,900,903
1634886693000,U0102,S0500,7,1000,1004
1634886694000,U0102,S0500,7,1000,1004
1634886695000,U0102,S0500,7,1000,1004
1634886696000,U0102,S0500,7,1000,1004
1634886697000,U0102,S0500,7,1000,1004
1634886698000,U0102,S0500,7,1000,1004
1634886699000,U0102,S0500,7,1000,1004
1634886700000,U0102,S0500,7,1000,1004
1634886701000,U0102,S0500,7,1000,1004
1634886702000,U0102,S0500,7,1000,1004
1634886703000,U0102,S0500,7,1000,1004
1634886704000,U0102,S0500,7,1000,1004
1634886705000,U0102,S0500,8,100,104
1634886706000,U0102,S0500,8,100,104
1634886707000,U0102,S0500,8,100,104
1634886708000,U0102,S0500,8,100,104
1634886709000,U0102,S0500,8,100,104
1634886710000,U0102,S0500,8,100,104
1634886711000,U0102,S0500,8,100,104
1634886712000,U0102,S0500,8,100,104
1634886713000,U0102,S0500,8,100,104
1634886714000,U0102,S0500,8,100,105
1634886715000,U0102,S0500,8,100,105
1634886716000,U0102,S0500,8,100,105
1634886717000,U0102,S0500,8,100,105
1634886718000,U0102,S0500,8,100,105
1634886719000,U0102,S0500,8,100,105
1634886720000,U0102,S0500,8,100,105
1634886721000,U0102,S0500,8,100,105
1634886722000,U0102,S0500,8,200,206
1634886723000,U0102,S0500,8,200,206
1634886724000,U0102,S0500,8,200,206
1634886725000,U0102,S0500,8,200,206
1634886726000,U0102,S0500,8,200,206
1634886727000,U0102,S0500,8,200,206
1634886728000,U0102,S0500,8,200,206
1634886729000,U0102,S0500,8,200,206
1634886730000,U0102,S0500,8,200,206
1634886731000,U0102,S0500,8,200,206
1634886732000,U0102,S0500,8,200,206
1634886733000,U0102,S0500,8,200,206
1634886734000,U0102,S0500,8,200,206
1634886735000,U0102,S0500,8,200,206
1634886736000,U0102,S0500,8,200,206
1634886737000,U0102,S0500,8,200,206
1634886738000,U0102,S0500,8,200,206
1634886739000,U0102,S0500,8,200,206
1634886740000,U0102,S0500,8,200,206
1634886741000,U0102,S0500,8,200,206
1634886742000,U0102,S0500,8,200,206
1634886743000,U0102,S0500,8,200,206
1634886744000,U0102,S0500,8,200,206
1634886745000,U0102,S0500,8,200,206
1634886746000,U0102,S0500,8,200,206
1634886747000,U0102,S0500,8,200,206
1634886748000,U0102,S0500,8,200,206
1634886749000,U0102,S0500,8,200,206
1634886750000,U0102,S0500,8,300,306
1634886751000,U0102,S0500,8,300,306
1634886752000,U0102,S0500,8,300,306
1634886753000,U0102,S0500,8,300,306
1634886754000,U0102,S0500,8,300,306
1634886755000,U0102,S0500,8,300,306
1634886756000,U0102,S0500,8,300,306
1634886757000,U0102,S0500,8,300,306
1634886758000,U0102,S0500,8,300,306
1634886759000,U0102,S0500,8,300,306
1634886760000,U0102,S0500,8,300,306
1634886761000,U0102,S0500,8,300,306
1634886762000,U0102,S0500,8,300,306
1634886763000,U0102,S0500,8,300,306
1634886764000,U0102,S0500,8,300,306
1634886765000,U0102,S0500,8,300,306
1634886766000,U0102,S0500,8,300,306
1634886767000,U0102,S0500,8,300,306
1634886768000,U0102,S0500,8,300,306
1634886769000,U0102,S0500,8,300,306
1634886770000,U0102,S0500,8,300,306
1634886771000,U0102,S0500,8,200,207
1634886772000,U0102,S0500,8,200,207
1634886773000,U0102,S0500,8,200,207
1634886774000,U0102,S0500,8,200,207
1634886775000,U0102,S0500,8,200,207
1634886776000,U0102,S0500,8,200,207
1634886777000,U0102,S0500,8,200,207
1634886778000,U0102,S0500,8,200,207
1634886779000,U0102,S0500,8,200,207
1634886780000,U0102,S0500,8,200,207
1634886781000,U0102,S0500,8,200,207
1634886782000,U0102,S0500,8,200,207
1634886783000,U0102,S0500,8,200,207
1634886784000,U0102,S0500,8,200,207
1634886785000,U0102,S0500,8,200,207
1634886786000,U0102,S0500,8,200,207
1634886787000,U0102,S0500,8,200,207
1634886788000,U0102,S0500,8,200,207
1634886789000,U0102,S0500,8,200,207
1634886790000,U0102,S0500,8,200,207
1634886791000,U0102,S0500,8,200,207
1634886792000,U0102,S0500,8,200,207
1634886793000,U0102,S0500,8,200,207
1634886794000,U0102,S0500,8,200,207
1634886795000,U0102,S0500,8,200,207
1634886796000,U0102,S0500,8,200,207
1634886797000,U0102,S0500,8,200,207
1634886798000,U0102,S0500,8,200,207
1634886799000,U0102,S0500,8,200,207
1634886800000,U0102,S0500,8,200,207
1634886801000,U0102,S0500,8,200,207
1634886802000,U0102,S0500,8,200,207
1634886803000,U0102,S0500,8,200,207
1634886804000,U0102,S0500,8,200,207
1634886805000,U0102,S0500,8,200,207
1634886806000,U0102,S0500,8,200,207
1634886807000,U0102,S0500,8,200,207
1634886808000,U0102,S0500,8,200,207
1634886809000,U0102,S0500,8,200,207
1634886810000,U0102,S0500,8,200,207
1634886811000,U0102,S0500,8,200,207
1634886812000,U0102,S0500,8,200,207
1634886813000,U0102,S0500,8,200,207
1634886814000,U0102,S0500,8,200,207
1634886815000,U0102,S0500,8,200,207
1634886816000,U0102,S0500,8,200,207
1634886817000,U0102,S0500,8,200,207
1634886818000,U0102,S0500,8,200,207
1634886819000,U0102,S0500,8,200,207
1634886820000,U0102,S0500,8,200,207
1634886821000,U0102,S0500,8,200,207
1634886822000,U0102,S0500,8,200,207
1634886823000,U0102,S0500,8,200,207
1634886824000,U0102,S0500,8,200,207
1634886825000,U0102,S0500,8,200,207
1634886826000,U0102,S0500,8,200,207
1634886827000,U0102,S0500,8,200,207
1634886828000,U0102,S0500,8,200,207
1634886829000,U0102,S0500,8,200,207
1634886830000,U0102,S0500,8,200,207
1634886831000,U0102,S0500,8,200,207
1634886832000,U0102,S0500,8,200,207
1634886833000,U0102,S0500,8,200,207
1634886834000,U0102,S0500,8,200,207
1634886835000,U0102,S0500,8,200,207
1634886836000,U0102,S0500,8,200,207
1634886837000,U0102,S0500,8,200,207
1634886838000,U0102,S0500,8,200,207
1634886839000,U0102,S0500,8,200,207
1634886840000,U0102,S0500,8,200,207
1634886841000,U0102,S0500,8,200,207
1634886842000,U0102,S0500,8,200,207
1634886843000,U0102,S0500,8,200,207
1634886844000,U0102,S0500,8,200,207
1634886845000,U0102,S0500,8,200,207
1634886846000,U0102,S0500,8,200,207
1634886847000,U0102,S0500,8,200,207
1634886848000,U0102,S0500,8,200,207
1634886849000,U0102,S0500,8,400,405
1634886850000,U0102,S0500,8,400,405
1634886851000,U0102,S0500,8,400,405
1634886852000,U0102,S0500,8,400,405
1634886853000,U0102,S0500,8,400,405
1634886854000,U0102,S0500,8,400,405
1634886855000,U0102,S0500,8,400,405
1634886856000,U0102,S0500,8,400,405
1634886857000,U0102,S0500,8,400,405
1634886858000,U0102,S0500,8,400,405
1634886859000,U0102,S0500,8,400,405
1634886860000,U0102,S0500,8,400,405
1634886861000,U0102,S0500,8,400,405
1634886862000,U0102,S0500,8,400,405
1634886863000,U0102,S0500,8,500,503
1634886864000,U0102,S0500,8,500,503
1634886865000,U0102,S0500,8,500,503
1634886866000,U0102,S0500,8,500,503
1634886867000,U0102,S0500,8,500,503
1634886868000,U0102,S0500,8,500,503
1634886869000,U0102,S0500,8,500,503
1634886870000,U0102,S0500,8,500,503
1634886871000,U0102,S0500,8,500,503
1634886872000,U0102,S0500,8,500,503
1634886873000,U0102,S0500,8,500,503
1634886874000,U0102,S0500,8,500,503
1634886875000,U0102,S0500,8,500,503
1634886876000,U0102,S0500,8,500,503
1634886877000,U0102,S0500,8,600,602
1634886878000,U0102,S0500,8,600,602
1634886879000,U0102,S0500,8,600,602
1634886880000,U0102,S0500,8,600,602
1634886881000,U0102,S0500,8,600,602
1634886882000,U0102,S0500,8,600,602
1634886883000,U0102,S0500,8,700,708
1634886884000,U0102,S0500,8,700,708
1634886885000,U0102,S0500,8,700,708
1634886886000,U0102,S0500,8,700,708
1634886887000,U0102,S0500,8,700,708
1634886888000,U0102,S0500,8,700,708
1634886889000,U0102,S0500,8,700,708
1634886890000,U0102,S0500,8,700,708
1634886891000,U0102,S0500,8,700,708
1634886892000,U0102,S0500,8,700,708
1634886893000,U0102,S0500,8,700,708
1634886894000,U0102,S0500,8,700,708
1634886895000,U0102,S0500,8,700,708
1634886896000,U0102,S0500,8,700,708
1634886897000,U0102,S0500,8,700,708
1634886898000,U0102,S0500,8,700,708
1634886899000,U0102,S0500,8,700,709
1634886900000,U0102,S0500,8,700,709
1634886901000,U0102,S0500,8,700,709
1634886902000,U0102,S0500,8,700,709
1634886903000,U0102,S0500,8,700,709
1634886904000,U0102,S0500,8,800,803
1634886905000,U0102,S0500,8,800,803
1634886906000,U0102,S0500,8,800,803
1634886907000,U0102,S0500,8,800,803
1634886908000,U0102,S0500,8,800,803
1634886909000,U0102,S0500,8,800,803
1634886910000,U0102,S0500,8,800,803
1634886911000,U0102,S0500,8,800,803
1634886912000,U0102,S0500,8,800,803
1634886913000,U0102,S0500,8,900,903
1634886914000,U0102,S0500,8,900,903
1634886915000,U0102,S0500,8,900,903
1634886916000,U0102,S0500,8,900,903
1634886917000,U0102,S0500,8,900,903
1634886918000,U0102,S0500,8,1000,1004
1634886919000,U0102,S0500,8,1000,1004
1634886920000,U0102,S0500,8,1000,1004
1634886921000,U0102,S0500,8,1000,1004
1634886922000,U0102,S0500,8,1000,1004
1634886923000,U0102,S0500,8,1000,1004
1634886924000,U0102,S0500,8,1000,1004
1634886925000,U0102,S0500,8,1000,1004
1634886926000,U0102,S0500,8,1000,1004
1634886927000,U0102,S0500,8,1000,1004
1634886928000,U0102,S0500,8,1000,1004
1634886929000,U0102,S0500,8,1000,1004
1634886930000,U0102,S0500,8,1000,1004
1634886931000,U0102,S0500,8,1000,1004
1634886932000,U0102,S0500,8,1000,1004
1634886933000,U0102,S0500,8,1000,1004
1634886934000,U0102,S0500,8,1000,1004
1634886935000,U0102,S0500,8,1000,1004
1634886936000,U0102,S0500,9,100,104
1634886937000,U0102,S0500,9,100,104
1634886938000,U0102,S0500,9,100,104
1634886939000,U0102,S0500,9,100,104
1634886940000,U0102,S0500,9,100,105
1634886941000,U0102,S0500,9,100,105
1634886942000,U0102,S0500,9,100,105
1634886943000,U0102,S0500,9,200,206
1634886944000,U0102,S0500,9,200,206
1634886945000,U0102,S0500,9,200,206
1634886946000,U0102,S0500,9,200,206
1634886947000,U0102,S0500,9,200,207
1634886948000,U0102,S0500,9,200,207
1634886949000,U0102,S0500,9,200,207
1634886950000,U0102,S0500,9,200,207
1634886951000,U0102,S0500,9,200,207
1634886952000,U0102,S0500,9,200,207
1634886953000,U0102,S0500,9,200,207
1634886954000,U0102,S0500,9,300,306
1634886955000,U0102,S0500,9,300,306
1634886956000,U0102,S0500,9,300,306
1634886957000,U0102,S0500,9,300,306
1634886958000,U0102,S0500,9,300,306
1634886959000,U0102,S0500,9,300,306
1634886960000,U0102,S0500,9,300,306
1634886961000,U0102,S0500,9,300,306
1634886962000,U0102,S0500,9,300,306
1634886963000,U0102,S0500,9,300,306
1634886964000,U0102,S0500,9,300,306
1634886965000,U0102,S0500,9,300,306
1634886966000,U0102,S0500,9,300,306
1634886967000,U0102,S0500,9,400,405
1634886968000,U0102,S0500,9,400,405
1634886969000,U0102,S0500,9,400,405
1634886970000,U0102,S0500,9,400,405
1634886971000,U0102,S0500,9,400,405
1634886972000,U0102,S0500,9,400,405
1634886973000,U0102,S0500,9,400,405
1634886974000,U0102,S0500,9,500,503
1634886975000,U0102,S0500,9,500,503
1634886976000,U0102,S0500,9,500,503
1634886977000,U0102,S0500,9,500,503
1634886978000,U0102,S0500,9,500,503
1634886979000,U0102,S0500,9,500,503
1634886980000,U0102,S0500,9,500,503
1634886981000,U0102,S0500,9,500,503
1634886982000,U0102,S0500,9,500,503
1634886983000,U0102,S0500,9,500,503
1634886984000,U0102,S0500,9,500,503
1634886985000,U0102,S0500,9,500,503
1634886986000,U0102,S0500,9,500,503
1634886987000,U0102,S0500,9,600,602
1634886988000,U0102,S0500,9,600,602
1634886989000,U0102,S0500,9,600,602
1634886990000,U0102,S0500,9,600,602
1634886991000,U0102,S0500,9,600,602
1634886992000,U0102,S0500,9,700,708
1634886993000,U0102,S0500,9,700,708
1634886994000,U0102,S0500,9,700,708
1634886995000,U0102,S0500,9,700,708
1634886996000,U0102,S0500,9,700,708
1634886997000,U0102,S0500,9,700,708
1634886998000,U0102,S0500,9,700,708
1634886999000,U0102,S0500,9,700,708
1634887000000,U0102,S0500,9,700,708
1634887001000,U0102,S0500,9,700,708
1634887002000,U0102,S0500,9,700,709
1634887003000,U0102,S0500,9,700,709
1634887004000,U0102,S0500,9,700,709
1634887005000,U0102,S0500,9,700,709
1634887006000,U0102,S0500,9,700,709
1634887007000,U0102,S0500,9,700,709
1634887008000,U0102,S0500,9,800,803
1634887009000,U0102,S0500,9,800,803
1634887010000,U0102,S0500,9,800,803
1634887011000,U0102,S0500,9,800,803
1634887012000,U0102,S0500,9,800,803
1634887013000,U0102,S0500,9,800,803
1634887014000,U0102,S0500,9,800,803
1634887015000,U0102,S0500,9,900,903
1634887016000,U0102,S0500,9,900,903
1634887017000,U0102,S0500,9,900,903
1634887018000,U0102,S0500,9,900,903
1634887019000,U0102,S0500,9,900,903
1634887020000,U0102,S0500,9,900,903
1634887021000,U0102,S0500,9,1000,1004
1634887022000,U0102,S0500,9,1000,1004
1634887023000,U0102,S0500,9,1000,1004
1634887024000,U0102,S0500,9,1000,1004
1634887025000,U0102,S0500,9,1000,1004
1634887026000,U0102,S0500,9,1000,1004
1634887027000,U0102,S0500,9,1000,1004
1634887028000,U0102,S0500,9,1000,1004
1634887029000,U0102,S0500,9,1000,1004
1634887030000,U0102,S0500,9,1000,1004
1634887031000,U0102,S0500,10,100,104
1634887032000,U0102,S0500,10,100,104
1634887033000,U0102,S0500,10,100,104
1634887034000,U0102,S0500,10,100,105
1634887035000,U0102,S0500,10,100,105
1634887036000,U0102,S0500,10,100,105
1634887037000,U0102,S0500,10,200,206
1634887038000,U0102,S0500,10,200,206
1634887039000,U0102,S0500,10,200,206
1634887040000,U0102,S0500,10,200,206
1634887041000,U0102,S0500,10,200,207
1634887042000,U0102,S0500,10,200,207
1634887043000,U0102,S0500,10,200,207
1634887044000,U0102,S0500,10,200,207
1634887045000,U0102,S0500,10,200,207
1634887046000,U0102,S0500,10,200,207
1634887047000,U0102,S0500,10,200,207
1634887048000,U0102,S0500,10,200,207
1634887049000,U0102,S0500,10,300,306
1634887050000,U0102,S0500,10,300,306
1634887051000,U0102,S0500,10,300,306
1634887052000,U0102,S0500,10,300,306
1634887053000,U0102,S0500,10,300,306
1634887054000,U0102,S0500,10,300,306
1634887055000,U0102,S0500,10,300,306
1634887056000,U0102,S0500,10,300,306
1634887057000,U0102,S0500,10,300,306
1634887058000,U0102,S0500,10,300,306
1634887059000,U0102,S0500,10,300,306
1634887060000,U0102,S0500,10,300,306
1634887061000,U0102,S0500,10,300,306
1634887062000,U0102,S0500,10,300,306
1634887063000,U0102,S0500,10,300,306
1634887064000,U0102,S0500,10,300,306
1634887065000,U0102,S0500,10,300,306
1634887066000,U0102,S0500,10,300,306
1634887067000,U0102,S0500,10,300,306
1634887068000,U0102,S0500,10,300,306
1634887069000,U0102,S0500,10,300,306
1634887070000,U0102,S0500,10,400,405
1634887071000,U0102,S0500,10,400,405
1634887072000,U0102,S0500,10,400,405
1634887073000,U0102,S0500,10,400,405
1634887074000,U0102,S0500,10,400,405
1634887075000,U0102,S0500,10,500,503
1634887076000,U0102,S0500,10,500,503
1634887077000,U0102,S0500,10,500,503
1634887078000,U0102,S0500,10,500,503
1634887079000,U0102,S0500,10,500,503
1634887080000,U0102,S0500,10,500,503
1634887081000,U0102,S0500,10,500,503
1634887082000,U0102,S0500,10,500,503
1634887083000,U0102,S0500,10,500,503
1634887084000,U0102,S0500,10,500,503
1634887085000,U0102,S0500,10,500,503
1634887086000,U0102,S0500,10,500,503
1634887087000,U0102,S0500,10,600,602
1634887088000,U0102,S0500,10,600,602
1634887089000,U0102,S0500,10,600,602
1634887090000,U0102,S0500,10,600,602
1634887091000,U0102,S0500,10,600,602
1634887092000,U0102,S0500,10,700,708
1634887093000,U0102,S0500,10,700,708
1634887094000,U0102,S0500,10,700,708
1634887095000,U0102,S0500,10,700,708
1634887096000,U0102,S0500,10,700,708
1634887097000,U0102,S0500,10,700,708
1634887098000,U0102,S0500,10,700,708
1634887099000,U0102,S0500,10,700,709
1634887100000,U0102,S0500,10,700,709
1634887101000,U0102,S0500,10,700,709
1634887102000,U0102,S0500,10,700,709
1634887103000,U0102,S0500,10,700,709
1634887104000,U0102,S0500,10,700,709
1634887105000,U0102,S0500,10,700,709
1634887106000,U0102,S0500,10,800,803
1634887107000,U0102,S0500,10,800,803
1634887108000,U0102,S0500,10,800,803
1634887109000,U0102,S0500,10,800,803
1634887110000,U0102,S0500,10,800,803
1634887111000,U0102,S0500,10,800,803
1634887112000,U0102,S0500,10,900,903
1634887113000,U0102,S0500,10,900,903
1634887114000,U0102,S0500,10,900,903
1634887115000,U0102,S0500,10,900,903
1634887116000,U0102,S0500,10,900,903
1634887117000,U0102,S0500,10,900,903
1634887118000,U0102,S0500,10,1000,1004
1634887119000,U0102,S0500,10,1000,1004
1634887120000,U0102,S0500,10,1000,1004
1634887121000,U0102,S0500,10,1000,1004
1634887122000,U0102,S0500,10,1000,1004
1634887123000,U0102,S0500,10,1000,1004
1634887124000,U0102,S0500,11,100,104
1634887125000,U0102,S0500,11,100,104
1634887126000,U0102,S0500,11,100,104
1634887127000,U0102,S0500,11,100,104
1634887128000,U0102,S0500,11,100,104
1634887129000,U0102,S0500,11,100,104
1634887130000,U0102,S0500,11,100,104
1634887131000,U0102,S0500,11,100,104
1634887132000,U0102,S0500,11,100,105
1634887133000,U0102,S0500,11,100,105
1634887134000,U0102,S0500,11,100,105
1634887135000,U0102,S0500,11,100,105
1634887136000,U0102,S0500,11,100,105
1634887137000,U0102,S0500,11,100,105
1634887138000,U0102,S0500,11,200,206
1634887139000,U0102,S0500,11,200,206
1634887140000,U0102,S0500,11,200,206
1634887141000,U0102,S0500,11,200,206
1634887142000,U0102,S0500,11,200,206
1634887143000,U0102,S0500,11,200,206
1634887144000,U0102,S0500,11,200,206
1634887145000,U0102,S0500,11,200,206
1634887146000,U0102,S0500,11,200,206
1634887147000,U0102,S0500,11,200,206
1634887148000,U0102,S0500,11,200,206
1634887149000,U0102,S0500,11,200,206
1634887150000,U0102,S0500,11,200,206
1634887151000,U0102,S0500,11,200,206
1634887152000,U0102,S0500,11,200,206
1634887153000,U0102,S0500,11,200,206
1634887154000,U0102,S0500,11,200,206
1634887155000,U0102,S0500,11,200,207
1634887156000,U0102,S0500,11,200,207
1634887157000,U0102,S0500,11,200,207
1634887158000,U0102,S0500,11,200,207
1634887159000,U0102,S0500,11,200,207
1634887160000,U0102,S0500,11,200,207
1634887161000,U0102,S0500,11,200,207
1634887162000,U0102,S0500,11,200,207
1634887163000,U0102,S0500,11,200,207
1634887164000,U0102,S0500,11,200,207
1634887165000,U0102,S0500,11,200,207
1634887166000,U0102,S0500,11,200,207
1634887167000,U0102,S0500,11,200,207
1634887168000,U0102,S0500,11,200,207
1634887169000,U0102,S0500,11,200,207
1634887170000,U0102,S0500,11,200,207
1634887171000,U0102,S0500,11,200,207
1634887172000,U0102,S0500,11,300,306
1634887173000,U0102,S0500,11,300,306
1634887174000,U0102,S0500,11,300,306
1634887175000,U0102,S0500,11,300,306
1634887176000,U0102,S0500,11,300,306
1634887177000,U0102,S0500,11,300,306
1634887178000,U0102,S0500,11,300,306
1634887179000,U0102,S0500,11,300,306
1634887180000,U0102,S0500,11,300,306
1634887181000,U0102,S0500,11,300,306
1634887182000,U0102,S0500,11,300,306
1634887183000,U0102,S0500,11,300,306
1634887184000,U0102,S0500,11,300,306
1634887185000,U0102,S0500,11,300,306
1634887186000,U0102,S0500,11,300,306
1634887187000,U0102,S0500,11,300,306
1634887188000,U0102,S0500,11,300,306
1634887189000,U0102,S0500,11,300,306
1634887190000,U0102,S0500,11,300,306
1634887191000,U0102,S0500,11,300,306
1634887192000,U0102,S0500,11,300,306
1634887193000,U0102,S0500,11,400,405
1634887194000,U0102,S0500,11,400,405
1634887195000,U0102,S0500,11,400,405
1634887196000,U0102,S0500,11,400,405
1634887197000,U0102,S0500,11,400,405
1634887198000,U0102,S0500,11,400,405
1634887199000,U0102,S0500,11,400,405
1634887200000,U0102,S0500,11,400,405
1634887201000,U0102,S0500,11,400,405
1634887202000,U0102,S0500,11,400,405
1634887203000,U0102,S0500,11,400,405
1634887204000,U0102,S0500,11,400,405
1634887205000,U0102,S0500,11,400,405
1634887206000,U0102,S0500,11,400,405
1634887207000,U0102,S0500,11,500,503
1634887208000,U0102,S0500,11,500,503
1634887209000,U0102,S0500,11,500,503
1634887210000,U0102,S0500,11,500,503
1634887211000,U0102,S0500,11,500,503
1634887212000,U0102,S0500,11,500,503
1634887213000,U0102,S0500,11,500,503
1634887214000,U0102,S0500,11,500,503
1634887215000,U0102,S0500,11,500,503
1634887216000,U0102,S0500,11,500,503
1634887217000,U0102,S0500,11,500,503
1634887218000,U0102,S0500,11,500,503
1634887219000,U0102,S0500,11,600,602
1634887220000,U0102,S0500,11,600,602
1634887221000,U0102,S0500,11,600,602
1634887222000,U0102,S0500,11,600,602
1634887223000,U0102,S0500,11,600,602
1634887224000,U0102,S0500,11,700,708
1634887225000,U0102,S0500,11,700,708
1634887226000,U0102,S0500,11,700,708
1634887227000,U0102,S0500,11,700,708
1634887228000,U0102,S0500,11,700,708
1634887229000,U0102,S0500,11,700,708
1634887230000,U0102,S0500,11,700,708
1634887231000,U0102,S0500,11,700,708
1634887232000,U0102,S0500,11,700,708
1634887233000,U0102,S0500,11,700,708
1634887234000,U0102,S0500,11,700,708
1634887235000,U0102,S0500,11,700,708
1634887236000,U0102,S0500,11,700,708
1634887237000,U0102,S0500,11,700,708
1634887238000,U0102,S0500,11,700,709
1634887239000,U0102,S0500,11,700,709
1634887240000,U0102,S0500,11,700,709
1634887241000,U0102,S0500,11,700,709
1634887242000,U0102,S0500,11,700,709
1634887243000,U0102,S0500,11,800,803
1634887244000,U0102,S0500,11,800,803
1634887245000,U0102,S0500,11,800,803
1634887246000,U0102,S0500,11,800,803
1634887247000,U0102,S0500,11,800,803
1634887248000,U0102,S0500,11,800,803
1634887249000,U0102,S0500,11,800,803
1634887250000,U0102,S0500,11,900,903
1634887251000,U0102,S0500,11,900,903
1634887252000,U0102,S0500,11,900,903
1634887253000,U0102,S0500,11,900,903
1634887254000,U0102,S0500,11,900,903
1634887255000,U0102,S0500,11,1000,1004
1634887256000,U0102,S0500,11,1000,1004
1634887257000,U0102,S0500,11,1000,1004
1634887258000,U0102,S0500,11,1000,1004
1634887259000,U0102,S0500,11,1000,1004
1634887260000,U0102,S0500,11,1000,1004
1634887261000,U0102,S0500,11,1000,1004
1634887262000,U0102,S0500,11,1000,1004
1634887263000,U0102,S0500,11,1000,1004
1634887264000,U0102,S0500,11,1000,1004
1634887265000,U0102,S0500,11,1000,1004
1634887266000,U0102,S0500,11,1000,1004
1634887267000,U0102,S0500,11,1000,1004
1634887268000,U0102,S0500,11,1000,1004
1634887269000,U0102,S0500,11,1000,1004
1634887270000,U0102,S0500,12,100,104
1634887271000,U0102,S0500,12,100,104
1634887272000,U0102,S0500,12,100,104
1634887273000,U0102,S0500,12,100,104
1634887274000,U0102,S0500,12,100,104
1634887275000,U0102,S0500,12,100,104
1634887276000,U0102,S0500,12,100,105
1634887277000,U0102,S0500,12,100,105
1634887278000,U0102,S0500,12,100,105
1634887279000,U0102,S0500,12,200,206
1634887280000,U0102,S0500,12,200,206
1634887281000,U0102,S0500,12,200,206
1634887282000,U0102,S0500,12,200,206
1634887283000,U0102,S0500,12,200,207
1634887284000,U0102,S0500,12,200,207
1634887285000,U0102,S0500,12,200,207
1634887286000,U0102,S0500,12,200,207
1634887287000,U0102,S0500,12,200,207
1634887288000,U0102,S0500,12,300,306
1634887289000,U0102,S0500,12,300,306
1634887290000,U0102,S0500,12,300,306
1634887291000,U0102,S0500,12,300,306
1634887292000,U0102,S0500,12,300,306
1634887293000,U0102,S0500,12,300,306
1634887294000,U0102,S0500,12,300,306
1634887295000,U0102,S0500,12,300,306
1634887296000,U0102,S0500,12,300,306
1634887297000,U0102,S0500,12,300,306
1634887298000,U0102,S0500,12,300,306
1634887299000,U0102,S0500,12,300,306
1634887300000,U0102,S0500,12,300,306
1634887301000,U0102,S0500,12,300,306
1634887302000,U0102,S0500,12,300,306
1634887303000,U0102,S0500,12,300,306
1634887304000,U0102,S0500,12,300,306
1634887305000,U0102,S0500,12,300,306
1634887306000,U0102,S0500,12,300,306
1634887307000,U0102,S0500,12,300,306
1634887308000,U0102,S0500,12,300,306
1634887309000,U0102,S0500,12,400,405
1634887310000,U0102,S0500,12,400,405
1634887311000,U0102,S0500,12,400,405
1634887312000,U0102,S0500,12,400,405
1634887313000,U0102,S0500,12,400,405
1634887314000,U0102,S0500,12,400,405
1634887315000,U0102,S0500,12,500,503
1634887316000,U0102,S0500,12,500,503
1634887317000,U0102,S0500,12,500,503
1634887318000,U0102,S0500,12,500,503
1634887319000,U0102,S0500,12,500,503
1634887320000,U0102,S0500,12,500,503
1634887321000,U0102,S0500,12,500,503
1634887322000,U0102,S0500,12,500,503
1634887323000,U0102,S0500,12,500,503
1634887324000,U0102,S0500,12,500,503
1634887325000,U0102,S0500,12,500,503
1634887326000,U0102,S0500,12,600,602
1634887327000,U0102,S0500,12,600,602
1634887328000,U0102,S0500,12,600,602
1634887329000,U0102,S0500,12,600,602
1634887330000,U0102,S0500,12,700,708
1634887331000,U0102,S0500,12,700,708
1634887332000,U0102,S0500,12,700,708
1634887333000,U0102,S0500,12,700,708
1634887334000,U0102,S0500,12,700,708
1634887335000,U0102,S0500,12,700,708
1634887336000,U0102,S0500,12,700,708
1634887337000,U0102,S0500,12,700,708
1634887338000,U0102,S0500,12,700,708
1634887339000,U0102,S0500,12,700,709
1634887340000,U0102,S0500,12,700,709
1634887341000,U0102,S0500,12,700,709
1634887342000,U0102,S0500,12,700,709
1634887343000,U0102,S0500,12,700,709
1634887344000,U0102,S0500,12,700,709
1634887345000,U0102,S0500,12,700,709
1634887346000,U0102,S0500,12,800,803
1634887347000,U0102,S0500,12,800,803
1634887348000,U0102,S0500,12,800,803
1634887349000,U0102,S0500,12,800,803
1634887350000,U0102,S0500,12,800,803
1634887351000,U0102,S0500,12,800,803
1634887352000,U0102,S0500,12,800,803
1634887353000,U0102,S0500,12,900,903
1634887354000,U0102,S0500,12,900,903
1634887355000,U0102,S0500,12,900,903
1634887356000,U0102,S0500,12,900,903
1634887357000,U0102,S0500,12,900,903
1634887358000,U0102,S0500,12,1000,1004
1634887359000,U0102,S0500,12,1000,1004
1634887360000,U0102,S0500,12,1000,1004
1634887361000,U0102,S0500,12,1000,1004
1634887362000,U0102,S0500,12,1000,1004
1634887363000,U0102,S0500,12,1000,1004
1634887364000,U0102,S0500,13,100,104
1634887365000,U0102,S0500,13,100,104
1634887366000,U0102,S0500,13,100,104
1634887367000,U0102,S0500,13,100,104
1634887368000,U0102,S0500,13,100,104
1634887369000,U0102,S0500,13,100,105
1634887370000,U0102,S0500,13,100,105
1634887371000,U0102,S0500,13,100,105
1634887372000,U0102,S0500,13,100,105
1634887373000,U0102,S0500,13,200,206
1634887374000,U0102,S0500,13,200,206
1634887375000,U0102,S0500,13,200,206
1634887376000,U0102,S0500,13,200,206
1634887377000,U0102,S0500,13,200,206
1634887378000,U0102,S0500,13,200,206
1634887379000,U0102,S0500,13,200,206
1634887380000,U0102,S0500,13,200,207
1634887381000,U0102,S0500,13,200,207
1634887382000,U0102,S0500,13,200,207
1634887383000,U0102,S0500,13,200,207
1634887384000,U0102,S0500,13,200,207
1634887385000,U0102,S0500,13,200,207
1634887386000,U0102,S0500,13,200,207
1634887387000,U0102,S0500,13,200,207
1634887388000,U0102,S0500,13,200,207
1634887389000,U0102,S0500,13,300,306
1634887390000,U0102,S0500,13,300,306
1634887391000,U0102,S0500,13,300,306
1634887392000,U0102,S0500,13,300,306
1634887393000,U0102,S0500,13,300,306
1634887394000,U0102,S0500,13,300,306
1634887395000,U0102,S0500,13,300,306
1634887396000,U0102,S0500,13,300,306
1634887397000,U0102,S0500,13,300,306
1634887398000,U0102,S0500,13,300,306
1634887399000,U0102,S0500,13,300,306
1634887400000,U0102,S0500,13,300,306
1634887401000,U0102,S0500,13,300,306
1634887402000,U0102,S0500,13,300,306
1634887403000,U0102,S0500,13,400,405
1634887404000,U0102,S0500,13,400,405
1634887405000,U0102,S0500,13,400,405
1634887406000,U0102,S0500,13,400,405
1634887407000,U0102,S0500,13,400,405
1634887408000,U0102,S0500,13,400,405
1634887409000,U0102,S0500,13,400,405
1634887410000,U0102,S0500,13,500,503
1634887411000,U0102,S0500,13,500,503
1634887412000,U0102,S0500,13,500,503
1634887413000,U0102,S0500,13,500,503
1634887414000,U0102,S0500,13,500,503
1634887415000,U0102,S0500,13,500,503
1634887416000,U0102,S0500,13,500,503
1634887417000,U0102,S0500,13,500,503
1634887418000,U0102,S0500,13,500,503
1634887419000,U0102,S0500,13,500,503
1634887420000,U0102,S0500,13,500,503
1634887421000,U0102,S0500,13,500,503
1634887422000,U0102,S0500,13,600,602
1634887423000,U0102,S0500,13,600,602
1634887424000,U0102,S0500,13,600,602
1634887425000,U0102,S0500,13,600,602
1634887426000,U0102,S0500,13,700,708
1634887427000,U0102,S0500,13,700,708
1634887428000,U0102,S0500,13,700,708
1634887429000,U0102,S0500,13,700,708
1634887430000,U0102,S0500,13,700,708
1634887431000,U0102,S0500,13,700,708
1634887432000,U0102,S0500,13,700,708
1634887433000,U0102,S0500,13,700,708
1634887434000,U0102,S0500,13,700,708
1634887435000,U0102,S0500,13,700,709
1634887436000,U0102,S0500,13,700,709
1634887437000,U0102,S0500,13,700,709
1634887438000,U0102,S0500,13,700,709
1634887439000,U0102,S0500,13,700,709
1634887440000,U0102,S0500,13,800,803
1634887441000,U0102,S0500,13,800,803
1634887442000,U0102,S0500,13,800,803
1634887443000,U0102,S0500,13,800,803
1634887444000,U0102,S0500,13,800,803
1634887445000,U0102,S0500,13,800,803
1634887446000,U0102,S0500,13,800,803
1634887447000,U0102,S0500,13,800,803
1634887448000,U0102,S0500,13,900,903
1634887449000,U0102,S0500,13,900,903
1634887450000,U0102,S0500,13,900,903
1634887451000,U0102,S0500,13,900,903
1634887452000,U0102,S0500,13,900,903
1634887453000,U0102,S0500,13,900,903
1634887454000,U0102,S0500,13,900,903
1634887455000,U0102,S0500,13,1000,1004
1634887456000,U0102,S0500,13,1000,1004
1634887457000,U0102,S0500,13,1000,1004
1634887458000,U0102,S0500,13,1000,1004
1634887459000,U0102,S0500,13,1000,1004
1634887460000,U0102,S0500,13,1000,1004
1634887461000,U0102,S0500,13,1000,1004
1634887462000,U0102,S0500,13,1000,1004
1634887463000,U0102,S0500,13,1000,1004
1634887464000,U0102,S0500,13,1000,1004
1634887465000,U0102,S0500,13,1000,1004
1634887466000,U0102,S0500,14,100,104
1634887467000,U0102,S0500,14,100,104
1634887468000,U0102,S0500,14,100,104
1634887469000,U0102,S0500,14,100,104
1634887470000,U0102,S0500,14,100,104
1634887471000,U0102,S0500,14,100,104
1634887472000,U0102,S0500,14,100,104
1634887473000,U0102,S0500,14,100,104
1634887474000,U0102,S0500,14,100,105
1634887475000,U0102,S0500,14,100,105
1634887476000,U0102,S0500,14,100,105
1634887477000,U0102,S0500,14,100,105
1634887478000,U0102,S0500,14,100,105
1634887479000,U0102,S0500,14,100,105
1634887480000,U0102,S0500,14,100,105
1634887481000,U0102,S0500,14,200,206
1634887482000,U0102,S0500,14,200,206
1634887483000,U0102,S0500,14,200,206
1634887484000,U0102,S0500,14,200,206
1634887485000,U0102,S0500,14,200,206
1634887486000,U0102,S0500,14,200,206
1634887487000,U0102,S0500,14,200,206
1634887488000,U0102,S0500,14,200,206
1634887489000,U0102,S0500,14,200,206
1634887490000,U0102,S0500,14,200,206
1634887491000,U0102,S0500,14,200,206
1634887492000,U0102,S0500,14,200,206
1634887493000,U0102,S0500,14,200,206
1634887494000,U0102,S0500,14,200,207
1634887495000,U0102,S0500,14,200,207
1634887496000,U0102,S0500,14,200,207
1634887497000,U0102,S0500,14,200,207
1634887498000,U0102,S0500,14,200,207
1634887499000,U0102,S0500,14,200,207
1634887500000,U0102,S0500,14,200,207
1634887501000,U0102,S0500,14,200,207
1634887502000,U0102,S0500,14,200,207
1634887503000,U0102,S0500,14,200,207
1634887504000,U0102,S0500,14,200,207
1634887505000,U0102,S0500,14,200,207
1634887506000,U0102,S0500,14,200,207
1634887507000,U0102,S0500,14,300,306
1634887508000,U0102,S0500,14,300,306
1634887509000,U0102,S0500,14,300,306
1634887510000,U0102,S0500,14,300,306
1634887511000,U0102,S0500,14,300,306
1634887512000,U0102,S0500,14,300,306
1634887513000,U0102,S0500,14,300,306
1634887514000,U0102,S0500,14,300,306
1634887515000,U0102,S0500,14,300,306
1634887516000,U0102,S0500,14,300,306
1634887517000,U0102,S0500,14,300,306
1634887518000,U0102,S0500,14,300,306
1634887519000,U0102,S0500,14,300,306
1634887520000,U0102,S0500,14,300,306
1634887521000,U0102,S0500,14,300,306
1634887522000,U0102,S0500,14,300,306
1634887523000,U0102,S0500,14,300,306
1634887524000,U0102,S0500,14,300,306
1634887525000,U0102,S0500,14,300,306
1634887526000,U0102,S0500,14,300,306
1634887527000,U0102,S0500,14,400,405
1634887528000,U0102,S0500,14,400,405
1634887529000,U0102,S0500,14,400,405
1634887530000,U0102,S0500,14,400,405
1634887531000,U0102,S0500,14,400,405
1634887532000,U0102,S0500,14,400,405
1634887533000,U0102,S0500,14,400,405
1634887534000,U0102,S0500,14,400,405
1634887535000,U0102,S0500,14,400,405
1634887536000,U0102,S0500,14,400,405
1634887537000,U0102,S0500,14,400,405
1634887538000,U0102,S0500,14,500,503
1634887539000,U0102,S0500,14,500,503
1634887540000,U0102,S0500,14,500,503
1634887541000,U0102,S0500,14,500,503
1634887542000,U0102,S0500,14,500,503
1634887543000,U0102,S0500,14,500,503
1634887544000,U0102,S0500,14,500,503
1634887545000,U0102,S0500,14,500,503
1634887546000,U0102,S0500,14,500,503
1634887547000,U0102,S0500,14,500,503
1634887548000,U0102,S0500,14,500,503
1634887549000,U0102,S0500,14,500,503
1634887550000,U0102,S0500,14,500,503
1634887551000,U0102,S0500,14,500,503
1634887552000,U0102,S0500,14,500,503
1634887553000,U0102,S0500,14,600,602
1634887554000,U0102,S0500,14,600,602
1634887555000,U0102,S0500,14,600,602
1634887556000,U0102,S0500,14,600,602
1634887557000,U0102,S0500,14,600,602
1634887558000,U0102,S0500,14,600,602
1634887559000,U0102,S0500,14,700,708
1634887560000,U0102,S0500,14,700,708
1634887561000,U0102,S0500,14,700,708
1634887562000,U0102,S0500,14,700,708
1634887563000,U0102,S0500,14,700,708
1634887564000,U0102,S0500,14,700,708
1634887565000,U0102,S0500,14,700,708
1634887566000,U0102,S0500,14,700,708
1634887567000,U0102,S0500,14,700,708
1634887568000,U0102,S0500,14,700,708
1634887569000,U0102,S0500,14,700,708
1634887570000,U0102,S0500,14,700,708
1634887571000,U0102,S0500,14,700,708
1634887572000,U0102,S0500,14,700,708
1634887573000,U0102,S0500,14,700,708
1634887574000,U0102,S0500,14,700,708
1634887575000,U0102,S0500,14,700,708
1634887576000,U0102,S0500,14,700,709
1634887577000,U0102,S0500,14,700,709
1634887578000,U0102,S0500,14,700,709
1634887579000,U0102,S0500,14,700,709
1634887580000,U0102,S0500,14,700,709
1634887581000,U0102,S0500,14,800,803
1634887582000,U0102,S0500,14,800,803
1634887583000,U0102,S0500,14,800,803
1634887584000,U0102,S0500,14,800,803
1634887585000,U0102,S0500,14,800,803
1634887586000,U0102,S0500,14,800,803
1634887587000,U0102,S0500,14,800,803
1634887588000,U0102,S0500,14,900,903
1634887589000,U0102,S0500,14,900,903
1634887590000,U0102,S0500,14,900,903
1634887591000,U0102,S0500,14,900,903
1634887592000,U0102,S0500,14,900,903
1634887593000,U0102,S0500,14,1000,1004
1634887594000,U0102,S0500,14,1000,1004
1634887595000,U0102,S0500,14,1000,1004
1634887596000,U0102,S0500,14,1000,1004
1634887597000,U0102,S0500,14,1000,1004
1634887598000,U0102,S0500,14,1000,1004
1634887599000,U0102,S0500,14,1000,1004
1634887600000,U0102,S0500,14,1000,1004
1634887601000,U0102,S0500,14,1000,1004
1634887602000,U0102,S0500,14,1000,1004
1634887603000,U0102,S0500,14,1000,1004
1634887604000,U0102,S0500,14,1000,1004
1634887605000,U0102,S0500,14,1000,1004
1634887606000,U0102,S0500,14,1000,1004
1634887607000,U0102,S0500,14,1000,1004
