uuid,user,session,box,id,operation,start,end,actions
op:4a41ffbe-ab6d-5d8f-b78f-e95cab26c101,U0209,S0500,1,100,Picking,2022-03-29 14:25:22.143000+09:00,2022-03-29 14:25:30.304000+09:00,act:7fb7b401-a812-53dd-bb35-787751f49ed3;act:7959e0e4-9a7b-5dc4-a8bf-e2b00aab8618
op:104af26a-0cc0-599e-b9e7-aac836bba6b9,U0209,S0500,1,200,Relocate Item Label,2022-03-29 14:25:30.304000+09:00,2022-03-29 14:25:56.039000+09:00,act:ffedbdc7-58cd-54c0-9959-eef498f097da;act:495d8613-d822-5719-bd2f-f80e61483a5b;act:c38acc83-cd9d-53a6-b7df-009329d2c4ea;act:bb7bb9bf-439c-5d47-8d10-946951716084;act:90a0bb28-f3a8-5d32-a108-2d15b31d355a;act:b28e2ced-9d52-5554-b569-d361c3964f34
op:15c2b833-129f-5059-93ab-b61dc1e0266f,U0209,S0500,1,300,Assemble Box,2022-03-29 14:25:56.039000+09:00,2022-03-29 14:25:59.614000+09:00,act:e7dca1de-9beb-56c9-b2ed-1df31d89485d
op:ae6089e6-389b-5ddf-8844-93277485d13f,U0209,S0500,1,400,Insert Items,2022-03-29 14:25:59.614000+09:00,2022-03-29 14:26:06.260000+09:00,act:04987a5d-9784-5d3f-bd3c-5fc237cc85f8
op:7c35221f-bab8-588b-a3f7-b93c8feb5c3a,U0209,S0500,1,500,Close Box,2022-03-29 14:26:06.260000+09:00,2022-03-29 14:26:15.208000+09:00,act:092f7ced-39be-5465-bd49-53855ba4b6ba;act:18043b28-0b09-579d-9738-87dd988e1436
op:b0a2914a-3f3d-5db2-ad2d-575444c2a717,U0209,S0500,1,600,Attach Box Label,2022-03-29 14:26:15.208000+09:00,2022-03-29 14:26:17.572000+09:00,act:18849d69-29e5-5d7e-ba0f-8041309a7b82
op:d7aaa086-557a-5e3e-9c9c-0626483be97c,U0209,S0500,1,700,Scan Label,2022-03-29 14:26:17.572000+09:00,2022-03-29 14:26:30.904000+09:00,act:192f911e-a4c1-5193-b3cc-25d3fcfd56a8;act:02bb3188-92aa-5458-9198-906632f4a83f;act:110f10ed-4470-570a-ab9d-476b141e41de;act:4ef5a361-e0a0-5142-bc73-1528ba8fe147;act:3f2090bd-96a6-591b-86b4-160d1316b7ec;act:a2ab0e88-f8ba-5dd2-8a70-fe26486747ba
op:1fbbf89f-f1f2-5688-9553-aa2712c75282,U0209,S0500,1,1000,Fill out Order,2022-03-29 14:26:30.904000+09:00,2022-03-29 14:26:42.943000+09:00,act:de9a2ff6-c745-5438-9d29-d03b1d154366;act:4d3d9fc9-23c8-5b8f-ab5a-f174aec87d6d;act:b2bc79e6-76ba-5881-b31c-2231fc9bf22c
op:785c9400-6f8d-57bf-bc5d-4e9068bfacd6,U0209,S0500,1,800,Attach Shipping Label,2022-03-29 14:26:42.943000+09:00,2022-03-29 14:26:49.791000+09:00,act:5c32f943-7dcf-5bc1-9a5e-aa23fb6b0df4;act:22157e14-8c6e-5c6c-87bf-69c5c5f0bbe0
op:924b7e5f-3bbf-5369-9b23-682ca73df77c,U0209,S0500,1,900,Put on Back Table,2022-03-29 14:26:49.791000+09:00,2022-03-29 14:26:53.253000+09:00,act:e11f2595-5ea8-5b3f-a5f3-6d5dff957c71;act:6d3669f7-a9ec-5381-a6c7-72801252c02c
op:7db2fda0-566e-5541-b3cf-691d579da95a,U0209,S0500,2,100,Picking,2022-03-29 14:26:53.253000+09:00,2022-03-29 14:27:01.567000+09:00,act:a8adadfd-2f79-572e-8130-7fd18856a43e;act:1a0682c9-bd7a-55fb-a31d-800c19a47baa
op:c3014b83-9a04-5364-b0dd-f0f8393fbd7a,U0209,S0500,2,200,Relocate Item Label,2022-03-29 14:27:01.567000+09:00,2022-03-29 14:27:06.981000+09:00,act:2f8603f5-ddaf-5395-b5ac-d181c046e147;act:898f62d7-95cd-57b5-9b0c-e5051ab01664
op:f917d514-dbfd-5efb-95ae-d78e401a0901,U0209,S0500,2,300,Assemble Box,2022-03-29 14:27:06.981000+09:00,2022-03-29 14:27:21.929000+09:00,act:18ee7d3d-5ee3-5f61-8c1a-dd6d8b8db3d6;act:037f4c53-7eda-5e12-8979-691ea870550d;act:e1a7b60b-1fcd-5cfc-ad8e-7bbc0a012833;act:c8e713fa-cd79-5a6f-b3d2-90fcb704adaf
op:95f059ad-c5a9-5723-b909-9290ef125ed9,U0209,S0500,2,400,Insert Items,2022-03-29 14:27:21.929000+09:00,2022-03-29 14:27:27.605000+09:00,act:37c93e19-8473-5769-989c-249cf5b094a8
op:0bc9f367-ba49-5ff0-8753-1e4d7b407880,U0209,S0500,2,500,Close Box,2022-03-29 14:27:27.605000+09:00,2022-03-29 14:27:39.463000+09:00,act:a880afb1-c78e-5cdb-a793-ea4ed8ae17cd;act:b51d8ab3-7a60-525f-9526-0c007320658b;act:f0b009c3-4313-5a6c-8497-2a7736a71ffb
op:f85a76bb-8328-5157-99c3-ab9a2b5f2f08,U0209,S0500,2,600,Attach Box Label,2022-03-29 14:27:39.463000+09:00,2022-03-29 14:27:42.553000+09:00,act:63f78c1a-c033-5cf6-99c3-116bd52c8823
op:79b1734b-637f-567a-8ab8-fb781d89cdd8,U0209,S0500,2,700,Scan Label,2022-03-29 14:27:42.553000+09:00,2022-03-29 14:27:54.956000+09:00,act:c76d49ea-8edf-507c-9de4-c56ad798e56c;act:52f0aeb9-9d0b-50a7-9de1-24ff31e35e89;act:0c8d591a-781f-58a2-961c-d5547e73e785;act:7f05c033-8644-50de-8e35-e3c9b4d3feb5;act:8621cf02-0d94-54fd-a4e4-a84c5afac24d;act:01874deb-e973-5db2-968c-601b9af1660a
op:ca4a0da4-919c-59c5-a65c-64ef60625054,U0209,S0500,2,1000,Fill out Order,2022-03-29 14:27:54.956000+09:00,2022-03-29 14:27:59.259000+09:00,act:7f96db10-82b2-599a-a9f2-709a81456913;act:b3e81bcd-565c-57cb-a854-e3d3a7b34b9d;act:4b9f94e2-973f-5f12-8139-ed06dd42db97
op:cf00393e-6db7-5ea1-95ae-a674564883e8,U0209,S0500,2,800,Attach Shipping Label,2022-03-29 14:27:59.259000+09:00,2022-03-29 14:28:06.696000+09:00,act:09be0c30-c87c-516e-b84f-b99855cda4e8;act:157ad369-fd5f-518f-bac0-f8faf4811575
op:fd33af46-57e0-5c59-bedf-51ccff55f1a4,U0209,S0500,3,100,Picking,2022-03-29 14:28:06.696000+09:00,2022-03-29 14:28:17.580000+09:00,act:ab6d7f8c-e787-597d-af7c-0c9b91453274;act:c2fbd159-5dac-5dad-82a3-0805b34163c1;act:cd10e45f-77fc-5f1a-962c-c69de6233019
op:9a0bef76-041a-574d-ae15-9871b50ab341,U0209,S0500,3,200,Relocate Item Label,2022-03-29 14:28:17.580000+09:00,2022-03-29 14:28:34.871000+09:00,act:aaa8d784-bd15-567a-9d8a-deea8fcc9208;act:2acd0029-d28d-5b1e-83b2-e3ba678c4b85;act:2028e6a3-9dfb-5c34-9fd7-320eeb5e5dc2;act:87decaa4-81d7-5554-b7ec-1573fbce1227;act:2a6a6eb4-274f-5061-b28c-171bbc2cb1cc
op:bc44521b-7c6d-584e-80c1-038034fd9a29,U0209,S0500,3,300,Assemble Box,2022-03-29 14:28:34.871000+09:00,2022-03-29 14:28:48.506000+09:00,act:db76d06d-9f38-57aa-8b9f-a8fb1a100ded;act:62840f70-601a-5704-b1e7-52853cb61c58;act:19ac0cdd-1be8-5380-8bfd-f402b8e47ad2;act:10630378-c109-5536-a966-4cb3cedc041a
op:f371135f-6303-5f1b-ac90-d0cb84820deb,U0209,S0500,3,400,Insert Items,2022-03-29 14:28:48.506000+09:00,2022-03-29 14:28:58.909000+09:00,act:6b7a0b97-a110-5a91-a32b-d404c2a55e57
op:c8991d69-0d85-50cc-a254-8c3a5449221d,U0209,S0500,3,500,Close Box,2022-03-29 14:28:58.909000+09:00,2022-03-29 14:29:10.241000+09:00,act:303a8cea-8d9a-54a7-8204-851d7b779269;act:abae6fbb-06bd-56f1-94be-03d70d677e6f
op:f96e82b4-1213-5454-a478-4695779ea3da,U0209,S0500,3,600,Attach Box Label,2022-03-29 14:29:10.241000+09:00,2022-03-29 14:29:12.443000+09:00,act:9564c3cc-8cb2-55a4-9e68-092000ceb43c
op:f7553063-9bab-5579-8c6d-3d575408385e,U0209,S0500,3,700,Scan Label,2022-03-29 14:29:12.443000+09:00,2022-03-29 14:29:22.988000+09:00,act:e6c8cf56-f3ad-5c39-a863-4152267fd9dd;act:d1b8a007-0f2f-500b-8f68-2b91b07cde90;act:65fa31df-7b76-5aca-ad9e-90dd1bbef6b4;act:17bdf1b6-d60a-5ab0-a9b6-fc3f446f3d36;act:06cd3ecf-75a3-5174-b0d5-11a7d90b8a7b;act:eacfe1ea-ed30-5e07-8a31-0e2c425976fa
op:d27a6253-b80f-534f-964a-defee7dda91b,U0209,S0500,3,1000,Fill out Order,2022-03-29 14:29:22.988000+09:00,2022-03-29 14:29:32.179000+09:00,act:0ca87127-2416-56cd-b5c9-a79872d66826;act:637bab49-5d36-5afb-bdbe-0e1bd5892c4c;act:9cc35510-40d6-5cc6-9d0b-fb4e645a20b3
op:d363ba38-33b0-5bc0-bb9b-edc04520f849,U0209,S0500,3,800,Attach Shipping Label,2022-03-29 14:29:32.179000+09:00,2022-03-29 14:29:37.320000+09:00,act:5f0882d3-37ab-5d0e-a671-4da6e3ed30a6;act:adc9cd9c-9263-591a-9cbb-ebc2a164ff13
op:7c875b22-e591-536d-af4f-ac4b87bcf8cf,U0209,S0500,4,100,Picking,2022-03-29 14:29:37.320000+09:00,2022-03-29 14:29:46.682000+09:00,act:a4acfe4d-d57d-52e4-9904-74f7ff50c44c;act:0631d009-9fb0-5bae-9e79-d5c950c4c45f;act:f06ba11d-9c13-5b1a-8612-05d07c7f53dc;act:1b77526a-6c53-5797-b050-ec70e03d36bc
op:7b142ed8-08e6-5421-b522-a2dbca2eb17f,U0209,S0500,4,200,Relocate Item Label,2022-03-29 14:29:46.682000+09:00,2022-03-29 14:29:57.227000+09:00,act:b3b16d63-7e45-5994-be99-0f0e5faff318;act:ca3f7236-5619-5888-a74c-6a12b8ba24cd
op:4bdac73d-10ae-5bb9-820f-7ce101a52ab2,U0209,S0500,4,300,Assemble Box,2022-03-29 14:29:57.227000+09:00,2022-03-29 14:30:06.115000+09:00,act:191b29be-7425-59e8-860d-42fa5d55b151;act:3ab36aaa-d614-5582-893d-4e68ddb7e014;act:cbb0f8da-81d5-53ca-b0a4-17775139e5f9;act:594cec65-6061-5532-8f43-c26355884306
op:341ada97-8066-59cf-a674-14d73e116d2f,U0209,S0500,4,400,Insert Items,2022-03-29 14:30:06.115000+09:00,2022-03-29 14:30:09.003000+09:00,act:1b17b9db-4a64-5160-8afc-a825310eed47
op:265291dc-cb68-5e4d-a46b-9b3b5aab8995,U0209,S0500,4,500,Close Box,2022-03-29 14:30:09.003000+09:00,2022-03-29 14:30:15.730000+09:00,act:ce1aebe0-8310-51fd-8be0-c07e866a2083;act:329d9568-a597-5654-bdd7-b83a13fb68b3
op:39de8640-cbd6-5abb-a322-0acd7ecb1891,U0209,S0500,4,600,Attach Box Label,2022-03-29 14:30:15.730000+09:00,2022-03-29 14:30:18.356000+09:00,act:ce971be0-9777-58c9-be17-f3a9f96c56a8
op:08a3fa2d-bb76-513a-a3eb-1a506403cace,U0209,S0500,4,700,Scan Label,2022-03-29 14:30:18.356000+09:00,2022-03-29 14:30:27.587000+09:00,act:d43b6a57-36f7-51ed-9911-8a92aa8b901f;act:bc15073c-dee8-5e2a-9196-029b2bce01b1;act:0c7dadc6-661d-5617-a2d7-d9a04ca184ad;act:512226fd-9b22-5097-8b88-991ae89db55f;act:0c2b5660-8029-5376-bf73-bfc895892e95;act:a699591f-dbc0-5c3a-a8bb-68d43e995a0b
op:e81ca0b4-14d2-5c77-98dd-b233947bdc63,U0209,S0500,4,1000,Fill out Order,2022-03-29 14:30:27.587000+09:00,2022-03-29 14:30:30.961000+09:00,act:208ac4ba-fc52-5ef0-a68c-bbb21f379673;act:ca6a18a1-0602-5783-a02d-7a04b102cc22;act:5077f478-9225-5879-908b-15be14f06325
op:6db659ed-c09b-519d-a7d8-1fe203072038,U0209,S0500,4,800,Attach Shipping Label,2022-03-29 14:30:30.961000+09:00,2022-03-29 14:30:37.081000+09:00,act:c638723d-7579-54e0-ba5b-9a4c04b08350;act:7ca9951e-c366-5c79-aa14-14699b756b3f
op:8541d840-20be-5807-a7e2-e34fc320a4c8,U0209,S0500,4,900,Put on Back Table,2022-03-29 14:30:37.081000+09:00,2022-03-29 14:30:40.232000+09:00,act:713f5548-23fe-5df2-bb83-908e650776d0;act:83836f4b-2057-5a45-8c6c-19276b92c301
op:4072ff9e-55e2-5fa0-8427-cda995e2e272,U0209,S0500,5,100,Picking,2022-03-29 14:30:40.232000+09:00,2022-03-29 14:30:42.576000+09:00,act:6a8dc332-cf50-52a4-9e53-519e13c0df05;act:f20757be-f1ff-5e8a-b7aa-648630b4c905
op:371feb7b-711e-519c-835d-49d8dc9ee586,U0209,S0500,5,200,Relocate Item Label,2022-03-29 14:30:42.576000+09:00,2022-03-29 14:30:45.626000+09:00,act:996aaf0e-a2fe-510d-9dc7-c99fbe38aebc
op:de91bb7f-8fb5-5735-870d-d05432aa18b6,U0209,S0500,5,100,Picking,2022-03-29 14:30:45.626000+09:00,2022-03-29 14:30:50.837000+09:00,act:ccab90a0-384b-50ec-8e01-68b23c9a21dd
op:41cd122c-88cf-52b3-bf6d-a22a16fdc4e4,U0209,S0500,5,200,Relocate Item Label,2022-03-29 14:30:50.837000+09:00,2022-03-29 14:31:04.452000+09:00,act:0079f830-ecf0-5f39-ac96-73b6349e97f7;act:5d722a34-5ac2-537b-84ef-e85a8641c1af;act:0b949912-643a-55bb-b7b8-18f5f2e94fa0
op:289927cd-cef5-537e-867d-6884373dbb9c,U0209,S0500,5,300,Assemble Box,2022-03-29 14:31:04.452000+09:00,2022-03-29 14:31:18.505000+09:00,act:65b61922-0a42-5685-82a2-d77cac2619ba;act:a5dd7e28-944c-5343-a863-ccfdacbc7968;act:a6dbadd2-193f-5ea8-b599-c22c84167791;act:1bf42535-7846-5892-bb34-3ee2262ed952
op:76dd2f91-875b-54c1-8f63-74709d8dd2bf,U0209,S0500,5,400,Insert Items,2022-03-29 14:31:18.505000+09:00,2022-03-29 14:31:21.985000+09:00,act:a30d9379-a8eb-543f-988e-b0566c84a9c2;act:afb9a410-3274-5a05-bf16-c1e64736c8e4
op:789f1bd8-e292-5e63-9153-aa527c0063a9,U0209,S0500,5,500,Close Box,2022-03-29 14:31:21.985000+09:00,2022-03-29 14:31:30.748000+09:00,act:028e3269-f282-513c-902c-fb9bd69f268e;act:3caba3c1-15c6-5091-a705-6e577e42b7d8
op:a4b2abb7-b7a9-5967-876b-a1ba191806a7,U0209,S0500,5,600,Attach Box Label,2022-03-29 14:31:30.748000+09:00,2022-03-29 14:31:33.986000+09:00,act:f5f0a7c2-0978-58ac-be06-1d925dfcad39
op:217b4e2f-ce8c-595e-9bde-d28bb0a77c2a,U0209,S0500,5,700,Scan Label,2022-03-29 14:31:33.986000+09:00,2022-03-29 14:31:47.109000+09:00,act:4faf53aa-44c2-5041-ae48-cd437b6774e5;act:8df62cf1-1eb0-5978-be0e-1a4e9359cbb8;act:d1b07c64-88b5-5530-952f-aa413a471df0;act:1fa5f25b-b431-5797-8fe1-aec26dcde059;act:6a98920c-2b2b-54a0-ab19-15da1b2e41e3;act:d3cbc610-1b40-5456-a613-c7d0d4387fed
op:dd39cf1a-e8fc-54dd-b8ed-cb8a233f01e1,U0209,S0500,5,1000,Fill out Order,2022-03-29 14:31:47.109000+09:00,2022-03-29 14:31:53.770000+09:00,act:76b51146-3167-5c20-94c8-841b71aef885;act:8af7f82a-aaf2-5dc1-9574-603c90a3eb54;act:8655c062-f54e-5b35-bfcf-6b6a36828bca
op:528d72a4-b4ff-5f58-a814-07ab678822ec,U0209,S0500,5,800,Attach Shipping Label,2022-03-29 14:31:53.770000+09:00,2022-03-29 14:31:59.466000+09:00,act:69bc7dde-f907-5014-96b7-eed95dbb8c9e;act:1b04b0ec-a914-5d0a-9a15-892e388457bb
op:bcc17a8f-7aa9-58fd-b187-22f0f3c823a2,U0209,S0500,5,900,Put on Back Table,2022-03-29 14:31:59.466000+09:00,2022-03-29 14:32:02.122000+09:00,act:15217357-fc41-561d-baa7-de457e0dbd00;act:adabe65a-fbe9-5ce2-b2ab-5edd04726dd4
op:1d449117-fb46-50ff-be9e-9406ed22abb9,U0209,S0500,6,100,Picking,2022-03-29 14:32:02.122000+09:00,2022-03-29 14:32:05.133000+09:00,act:9de2e745-14e2-513d-b42a-9506f647312c
op:ed594369-711c-58ec-ad4f-c33e3125b58a,U0209,S0500,6,200,Relocate Item Label,2022-03-29 14:32:05.133000+09:00,2022-03-29 14:32:08.328000+09:00,act:d942a959-50ca-5cb8-b3c0-4445e255fce1;act:7198d45f-949c-5933-b50e-b4b2d42fac81
op:ceff03bf-3310-54b9-8ab5-e5da90c4216c,U0209,S0500,6,300,Assemble Box,2022-03-29 14:32:08.328000+09:00,2022-03-29 14:32:10.189000+09:00,act:80c77ba0-3a0b-53c9-af7a-ff01bcd5925d
op:347de0a3-d9ad-564f-9c54-b6dacfeeed9b,U0209,S0500,6,400,Insert Items,2022-03-29 14:32:10.189000+09:00,2022-03-29 14:32:13.256000+09:00,act:2fd5aaf2-fed2-5979-89cf-949406cc2d97
op:29559370-b0df-537b-afb6-5dd5e41a490e,U0209,S0500,6,500,Close Box,2022-03-29 14:32:13.256000+09:00,2022-03-29 14:32:21.679000+09:00,act:ccedd06f-da6a-58e0-9525-e5e28b6c4e30;act:0bc7d97e-66af-5b2c-adb4-681ba9bf095a
op:c1a04dea-8210-542e-b177-374760a6f985,U0209,S0500,6,600,Attach Box Label,2022-03-29 14:32:21.679000+09:00,2022-03-29 14:32:23.866000+09:00,act:16fb3bca-3b30-56c8-b537-d6bea02daf83
op:55e1b042-e797-5188-872f-55d45cd41045,U0209,S0500,6,700,Scan Label,2022-03-29 14:32:23.866000+09:00,2022-03-29 14:32:33.183000+09:00,act:fd3e3831-1bf5-5069-bf19-490c13351b62;act:82149863-f907-5b8b-b8eb-1f077407a9c0;act:78b141f9-c677-5ee0-8457-7e527725827e;act:4c61aae5-8d95-583b-9572-7421f1f2441d;act:bc73596b-ce91-5715-9109-9aae0750f3f7;act:fdc73b6a-2506-5fba-ba46-c66825ee3990
op:e2f45c28-f155-512b-a258-8746a72b3787,U0209,S0500,6,1000,Fill out Order,2022-03-29 14:32:33.183000+09:00,2022-03-29 14:32:39.617000+09:00,act:9af40b84-3d75-526e-807e-3ceaa27f37f3;act:248b01e7-4a39-5485-af0f-cb65b8eb32bc;act:1c168158-3b41-583e-873c-1a7fc5c1d21a
op:0e564e74-dce0-565e-af48-4306be5305e3,U0209,S0500,6,800,Attach Shipping Label,2022-03-29 14:32:39.617000+09:00,2022-03-29 14:32:44.493000+09:00,act:e23f6754-7137-5ffe-8621-a71f614fee33;act:94a94b68-0b00-5ce1-94d3-171273a856cd
op:48a9445f-89a6-520a-90ca-d5f4d4a1e49c,U0209,S0500,7,100,Picking,2022-03-29 14:32:44.493000+09:00,2022-03-29 14:32:53.336000+09:00,act:86405e2f-278d-5523-be84-c2415f2e70be;act:35999af6-f9f8-58ca-89bf-4adf649664e6;act:6ea57c99-9988-50ca-ae62-79685674755a
op:cf389447-af1e-5b6b-a8ad-96b203daa30b,U0209,S0500,7,200,Relocate Item Label,2022-03-29 14:32:53.336000+09:00,2022-03-29 14:33:02.227000+09:00,act:7cfb90ed-28ec-5980-b973-dcd9c513f2be;act:c0b0095f-c949-58c9-bfd4-3c5d5fbcbdd3
op:1132fd63-75ed-5598-a6e7-8a1ceea12cdc,U0209,S0500,7,300,Assemble Box,2022-03-29 14:33:05.025000+09:00,2022-03-29 14:33:19.682000+09:00,act:bfd1f158-663f-58df-bcd6-f4204776bb3f;act:f084b384-97ba-516a-b867-ba9bd0752e9d;act:1dea9d63-886d-540c-a5cb-4869589939e1;act:749b8aa0-7b88-5806-99cb-903fe902c341
op:2222ba26-f0c7-5d4a-9356-d28349adc0ab,U0209,S0500,7,400,Insert Items,2022-03-29 14:33:19.682000+09:00,2022-03-29 14:33:24.895000+09:00,act:fb55c8cb-f85f-519d-abe7-ef43275a092a
op:c04f63d4-85ce-580b-98c0-8839739129dc,U0209,S0500,7,500,Close Box,2022-03-29 14:33:24.895000+09:00,2022-03-29 14:33:33.615000+09:00,act:662ea63f-7714-54d9-ac10-c6710a288f60;act:8fc9a52e-e6fe-5bf6-8f09-164460cd631d
op:181a0a6c-68ff-511f-8983-03baf0b6067b,U0209,S0500,7,600,Attach Box Label,2022-03-29 14:33:33.615000+09:00,2022-03-29 14:33:37.293000+09:00,act:85f700a5-9432-5f18-bd37-7e54194aea54
op:0f43d3c1-c65f-5e46-8665-06211256d7bb,U0209,S0500,7,700,Scan Label,2022-03-29 14:33:37.293000+09:00,2022-03-29 14:33:45.460000+09:00,act:c99d27ef-86c6-575f-8fef-3c6437b6b528;act:1d9e9f18-86b4-5d84-adb2-a3eb81d9cc2b;act:3e959925-1995-51b5-933a-1161d1e89163;act:ab1f465d-3686-56c0-83cc-4b6867b8b45a;act:bbcddc07-dcce-5dd2-8d55-8c0b3a18f4dd;act:75765bd4-f681-565e-9682-153a51e4f4db
op:b3afd749-4691-5715-a296-a0c1fd141c85,U0209,S0500,7,1000,Fill out Order,2022-03-29 14:33:45.460000+09:00,2022-03-29 14:33:49.437000+09:00,act:92da8e73-5e90-5273-9c60-e46076d47055;act:c45291de-31a0-5bbc-a85d-4a6bf70c87b2;act:60681c8a-64fd-5038-87ee-232a36e7e709
op:af5dfe49-2bde-525f-b398-a43dae66b997,U0209,S0500,7,800,Attach Shipping Label,2022-03-29 14:33:49.437000+09:00,2022-03-29 14:33:56.370000+09:00,act:22d681c6-d0d4-511b-b6b6-e2f2f98f5178;act:fdd8cbf8-c3e0-546c-b943-a61101ba5ae9
op:c7a5a1a7-7bc1-509e-8f50-6e3dca31cfd1,U0209,S0500,8,100,Picking,2022-03-29 14:33:56.370000+09:00,2022-03-29 14:34:03.171000+09:00,act:0eb1f61d-b99e-573f-b3f1-e7007ad189d4;act:2929508a-0c21-56f2-a5a9-cef7cde5ef7f;act:8adea58d-1d1f-5a95-b2af-b8bb91565bed
op:392e5fb7-c719-54fa-ba6c-755ca9931b7a,U0209,S0500,8,200,Relocate Item Label,2022-03-29 14:34:03.171000+09:00,2022-03-29 14:34:08.184000+09:00,act:858b499a-af17-5bf4-9b02-bb4a66b7648e;act:329c8c15-a7eb-5a5e-a017-f7e419b10d3d
op:9a54651b-3a0d-5b82-b453-ff4a87af90cc,U0209,S0500,8,300,Assemble Box,2022-03-29 14:34:08.184000+09:00,2022-03-29 14:34:19.944000+09:00,act:8c2d0e17-f3f6-5fe9-b1d0-17cafe2da279;act:bfc1f58e-705d-598a-a596-7013e5cf337c;act:27a7a612-d1eb-5af7-b333-925200c5ac4c;act:80d8218a-3d2e-545f-a545-cb71988568ce
op:6ed7d623-398a-50ec-a42f-aca3a698642d,U0209,S0500,8,400,Insert Items,2022-03-29 14:34:19.944000+09:00,2022-03-29 14:34:27.741000+09:00,act:3c3f9b3e-54d5-5276-b71e-e7c46f701f50;act:d6855681-723e-5080-8b5c-6353c3bdffaa;act:b476f57d-08c6-5580-99f7-0a3d8dc17b9e
op:303c1d86-64e6-5dd3-96cc-0a146d670de3,U0209,S0500,8,500,Close Box,2022-03-29 14:34:27.741000+09:00,2022-03-29 14:34:32.755000+09:00,act:1c0059bf-b225-50cd-bfcc-6393b48f30f4;act:3648cb9f-0fc2-577c-929d-0e7c5647e514
op:5a1ca5ea-80e0-5e40-9b2e-0d1ed0cc5dc3,U0209,S0500,8,400,Insert Items,2022-03-29 14:34:36.149000+09:00,2022-03-29 14:34:37.967000+09:00,act:c91c3102-f5dd-5e94-bc5b-5484fff52d27
op:6b2dbb91-3061-5eb9-b503-d218aec942e9,U0209,S0500,8,500,Close Box,2022-03-29 14:34:37.967000+09:00,2022-03-29 14:34:49.557000+09:00,act:8a16295d-ffcb-5334-89f9-1d071b890725;act:a501a1ec-e8b0-57f0-ae73-8fc0a165cfdb
op:e467b88a-4e50-5834-a3ff-577e96933ace,U0209,S0500,8,600,Attach Box Label,2022-03-29 14:34:49.557000+09:00,2022-03-29 14:34:51.517000+09:00,act:c978b748-0b97-5c6c-87d3-bd08787fcd54
op:e3aaec9b-837f-598a-8d95-15854f604164,U0209,S0500,8,700,Scan Label,2022-03-29 14:34:53.533000+09:00,2022-03-29 14:35:02.936000+09:00,act:e522d368-89c3-5feb-ac1b-b124ba042a39;act:00723fdd-c36a-528f-a9be-f603642a8753;act:029946d1-c886-50d7-a392-9a97cfdce9ba;act:e55fc1f5-8a9d-546d-9f4d-f156b928de50;act:2537b755-404b-57e9-8fe4-727346cd13f6;act:019180cc-2133-5e98-83ce-5abd79700ffb
op:1f5a2d7a-7d2f-50e1-b6bb-96fe6b925ebf,U0209,S0500,8,1000,Fill out Order,2022-03-29 14:35:02.936000+09:00,2022-03-29 14:35:08.276000+09:00,act:54af26e2-d71b-5c46-a65a-076572e506fd;act:14617de9-a4b5-5256-bd52-e6855da841f8;act:97fb32e9-06da-5eed-950f-52ecf4a8e8b3
op:fd43330d-1c42-51a7-87cd-22a4067ff4e6,U0209,S0500,8,800,Attach Shipping Label,2022-03-29 14:35:08.276000+09:00,2022-03-29 14:35:12.933000+09:00,act:7375c2b2-4bcd-55ac-ac1c-fbc56e1e3a57;act:ea26a3b3-07e0-5aef-8515-dc0d84d49d29
op:ec7033a9-6513-5e42-b2d7-256210050206,U0209,S0500,9,100,Picking,2022-03-29 14:35:12.933000+09:00,2022-03-29 14:35:20.930000+09:00,act:da97adf2-3b69-5227-b001-d8a843cb558e;act:96bcf688-5e7b-5733-ba2c-db317431df6b;act:84360c9c-37ea-501d-add3-b2003968c0aa
op:2d51f365-778d-5d17-96ed-16635b8eeb6a,U0209,S0500,9,200,Relocate Item Label,2022-03-29 14:35:20.930000+09:00,2022-03-29 14:35:26.370000+09:00,act:38dbef93-b623-5225-8e26-7251899c24ea;act:adb468fd-83af-5140-a314-957fa59e910b
op:266789de-acf3-5228-847a-61a0b558b1e2,U0209,S0500,9,300,Assemble Box,2022-03-29 14:35:29.054000+09:00,2022-03-29 14:35:45.472000+09:00,act:d3fd65fb-988c-5a26-a1a3-216e94a195c0;act:588a96c0-6996-5f32-ad33-368c2f12f2d5;act:8cf8c835-7c0f-5fc1-923d-ffb928061adc;act:09ca27e8-757f-5daf-8d30-0b6310a67934;act:e448f4ec-b528-5a7a-bdd9-a18996f205cc
op:17fcd27e-b1c7-5386-be16-c406063b0a22,U0209,S0500,9,400,Insert Items,2022-03-29 14:35:45.472000+09:00,2022-03-29 14:35:50.713000+09:00,act:4709f1a2-e142-515a-b6a0-ed334c99c507
op:631c438d-f8cf-59cb-916b-592768c47d04,U0209,S0500,9,500,Close Box,2022-03-29 14:35:50.713000+09:00,2022-03-29 14:35:59.476000+09:00,act:c83f9103-efa6-58bd-ac22-7306dc9a8634;act:d9aaf896-8ae3-57b9-b072-d157ba893196
op:393984a8-1682-5166-bca3-d57c7b81d860,U0209,S0500,9,600,Attach Box Label,2022-03-29 14:35:59.476000+09:00,2022-03-29 14:36:03.950000+09:00,act:b7f5e43d-1cb6-5116-9d4e-43ec16ed4219
op:e4e67adf-20fa-58db-b63f-ebfbd0315dfc,U0209,S0500,9,700,Scan Label,2022-03-29 14:36:03.950000+09:00,2022-03-29 14:36:15.426000+09:00,act:a9c39175-dca0-5467-b09c-69d1d04d0dca;act:2fda379f-6db6-5c37-aea2-419a2609744a;act:5e4d9f35-6f60-5526-a7b9-fb33cd34af8d;act:47c9a824-7038-5ae6-898b-1d1141ec86d8;act:ccd8443a-2eb1-5237-9a7e-b381da611604;act:0d5e047a-c784-5a5a-bd62-b21289dbc395
op:f8681c99-08d7-5c2d-8226-a004862f4df2,U0209,S0500,9,1000,Fill out Order,2022-03-29 14:36:15.426000+09:00,2022-03-29 14:36:20.766000+09:00,act:63ca1864-d648-5ba3-8992-2e26a4faea30;act:e0977aa6-f225-5694-8bc8-de2e1c0d6afd;act:3c5aa3d8-7050-5c74-98bb-71485866900f
op:cdb971a0-5155-5f40-b7c9-65318b5b9231,U0209,S0500,9,800,Attach Shipping Label,2022-03-29 14:36:20.766000+09:00,2022-03-29 14:36:27.242000+09:00,act:b9bd3919-0f82-5819-95af-50c704200ac3;act:74a3fab9-189e-5b76-9ec1-405ccec288d3
op:f562b210-fd33-5336-b812-5ebab6623fa5,U0209,S0500,10,100,Picking,2022-03-29 14:36:27.242000+09:00,2022-03-29 14:36:36.573000+09:00,act:c5d70651-971f-5742-9540-fa35802a4162;act:7b0bee0d-2c0a-573c-94b4-942b1afd652b;act:ef5eae97-8f0a-5733-a574-b4769c3cf898
op:7d6b8a4e-d409-55f7-aa14-2fe9609726cb,U0209,S0500,10,200,Relocate Item Label,2022-03-29 14:36:36.573000+09:00,2022-03-29 14:36:42.908000+09:00,act:9bcaf497-514b-5a65-a76e-20a7a4fcefde;act:42a0f4b8-4e62-5562-aa58-f648b44b57c9
op:23740451-739c-5577-94d2-856fef3ea805,U0209,S0500,10,300,Assemble Box,2022-03-29 14:36:42.908000+09:00,2022-03-29 14:36:53.503000+09:00,act:a6e3e6e4-df48-5c82-bdf8-d6df04e93038;act:ea203c81-bf78-5a4f-9f90-a4839cead704;act:55b047aa-9970-5bae-b087-ec5e7c734f3b;act:01e5bc5d-3c48-5aee-955b-c091b9c0a748
op:c1cf842b-9edf-510c-b2ba-1e9191d3bae0,U0209,S0500,10,400,Insert Items,2022-03-29 14:36:53.503000+09:00,2022-03-29 14:36:57.281000+09:00,act:1a2ab2e7-c4e5-5b51-a6d0-8fdd47d0dd61
op:053dfcd2-3a20-550d-b3c4-2b9d2e597e73,U0209,S0500,10,300,Assemble Box,2022-03-29 14:36:57.281000+09:00,2022-03-29 14:37:11.171000+09:00,act:d3985615-4847-5eee-a410-bf38242b4cef;act:5f3afcc3-df24-583b-b5f8-6ef12979d1ee;act:5bd1299d-9200-5fd3-bdfd-8ab865dc75e8;act:7ec6fb53-2c01-56eb-9723-95f149dcfcea
op:0807a01d-c3e8-57ac-bd79-cdefd0a0e208,U0209,S0500,10,400,Insert Items,2022-03-29 14:37:11.171000+09:00,2022-03-29 14:37:15.474000+09:00,act:961dd723-f865-56f2-aa13-c0e4336caeaa
op:092c1a49-1720-55c5-8830-23b1b9353079,U0209,S0500,10,500,Close Box,2022-03-29 14:37:15.474000+09:00,2022-03-29 14:37:23.996000+09:00,act:cd68538f-6cbc-5cb5-b17d-02711c958b56;act:490acb85-c6fb-5f6f-a30b-ae2b22a87088
op:6234bc4f-e3bc-5509-a98f-b16eb9379f0d,U0209,S0500,10,600,Attach Box Label,2022-03-29 14:37:23.996000+09:00,2022-03-29 14:37:27.050000+09:00,act:ed1b7aa3-3c75-5ecf-8cb1-dc879b9152d5
op:2782163c-4023-5ea1-9afc-1ae79e52468e,U0209,S0500,10,700,Scan Label,2022-03-29 14:37:27.050000+09:00,2022-03-29 14:37:36.736000+09:00,act:bd2f08fe-2401-5b1d-88d6-c2ff680056e8;act:4b6fab16-be45-530a-bebe-b02a508989c5;act:73b3ca93-b28f-5fe2-bf23-43f5cef3fad4;act:2ed7b295-9470-55d9-9268-ed7a9e7547e1;act:eeec1aea-7f80-57df-8a90-2b99d80b2982;act:ecb1c2e0-0fff-5615-a084-45fc935cc853
op:b9d03ec9-b76b-515d-9ce2-679e74ccbea8,U0209,S0500,10,1000,Fill out Order,2022-03-29 14:37:36.736000+09:00,2022-03-29 14:37:40.798000+09:00,act:55b09664-dce5-5fb9-b8f9-3d7e5bb95f9f;act:23c330e9-1e3c-589b-a614-5d296b66433e;act:6de046eb-d901-5931-977d-10130cad0319
op:d8c536d3-bf94-5ac7-8243-c43fd448c379,U0209,S0500,10,800,Attach Shipping Label,2022-03-29 14:37:40.798000+09:00,2022-03-29 14:37:46.861000+09:00,act:cc47fc04-4bec-5cab-854d-ceb9be1220db;act:d2c945f6-08fc-5ff0-90f7-05a43c60b998
op:7ad5fb44-391e-569a-bf08-57c4ed08276d,U0209,S0500,11,100,Picking,2022-03-29 14:37:46.861000+09:00,2022-03-29 14:37:53.509000+09:00,act:9ec4f278-13ad-5e07-a360-2dfc257988cb;act:f15b3bf0-f473-5f63-8156-9aed32a55df8;act:656c23de-fbbe-591a-8bbe-4aafaea4bbb3
op:5b145075-cd1e-51ed-a677-2e1f6e00539b,U0209,S0500,11,200,Relocate Item Label,2022-03-29 14:37:53.509000+09:00,2022-03-29 14:37:57.940000+09:00,act:187690c2-2d97-5109-a76f-bcd5a73237c3;act:948b0513-e2c6-5598-a8c3-144fa48b3cb1
op:67520d92-c5c5-5d49-b314-7085bb15da71,U0209,S0500,11,300,Assemble Box,2022-03-29 14:37:57.940000+09:00,2022-03-29 14:38:10.751000+09:00,act:58b32261-0758-5d93-bdf7-03e740dcaaa9;act:e5a5ab4b-cb55-5d7e-b886-0e379204fdb9;act:a3190f2a-1785-58f9-a4da-ca73101eed51;act:5bed848c-9b4a-5b21-b942-80f44bf8cd3b
op:10395c03-0e05-5342-be7f-0729f5f6c9ae,U0209,S0500,11,400,Insert Items,2022-03-29 14:38:10.751000+09:00,2022-03-29 14:38:16.603000+09:00,act:0236b7f9-fe81-5147-a8a2-429fbe14fcfc
op:a0adce45-77be-568f-93df-8d69d6ae920b,U0209,S0500,11,500,Close Box,2022-03-29 14:38:16.603000+09:00,2022-03-29 14:38:24.272000+09:00,act:51190e92-2077-550c-b4bf-a0ca79faa871;act:b05f04ed-7d27-5e8f-87dd-ad393baac9e7
op:2a49f85f-75a2-5946-8856-5e066aa2d1b2,U0209,S0500,11,600,Attach Box Label,2022-03-29 14:38:24.272000+09:00,2022-03-29 14:38:28.164000+09:00,act:93f76fee-eebe-571d-bd7d-3c724fa35d00
op:5a70ab8d-7170-5c9b-a916-92ef495844df,U0209,S0500,11,700,Scan Label,2022-03-29 14:38:28.164000+09:00,2022-03-29 14:38:35.947000+09:00,act:58ec84f4-44fe-5781-85a9-b4d44d530490;act:76d4d5ba-7ff9-59ca-8bb3-8a5700b8fbab;act:ec0499e6-13c3-536d-bbe9-84663f9eba11;act:cb9f9237-1d49-5d73-92c6-1b34489b779a;act:ca8848a6-8cc4-58da-91b7-130a8bcb8d70;act:18b1a0ed-b592-588d-823c-5d3a9c294ce4
op:145900db-3247-5890-9b44-da85a3e4f2e6,U0209,S0500,11,1000,Fill out Order,2022-03-29 14:38:35.947000+09:00,2022-03-29 14:38:39.611000+09:00,act:c0412300-038a-5455-8a2e-e5e9de0724e9;act:570dfee2-dbc4-56fb-95c5-312bd9125fc7;act:e8576cea-6ca9-5385-a0ca-5ec16a92b058
op:d18b9405-6978-523b-94d3-8816e9cee29e,U0209,S0500,11,800,Attach Shipping Label,2022-03-29 14:38:39.611000+09:00,2022-03-29 14:38:45.157000+09:00,act:d0668209-a5de-500d-9e15-b98a1fd86454;act:6774dd9c-cea3-5c88-a168-17656e580770
op:34ddaea1-882c-5c06-b01f-1194e9bf26d7,U0209,S0500,12,100,Picking,2022-03-29 14:38:45.157000+09:00,2022-03-29 14:38:51.271000+09:00,act:52418868-0ab2-5182-a19c-581172cf8a80;act:873f8ab6-fa81-5ba5-9daa-7d3cc467d1a5;act:084411b9-4baa-5584-9d2b-bf444f35d240
op:1edec57b-5e57-5d0f-aeb3-bc46a5b72758,U0209,S0500,12,200,Relocate Item Label,2022-03-29 14:38:51.271000+09:00,2022-03-29 14:38:57.066000+09:00,act:a819ac69-c9fb-53df-bc23-2d4256dd8018;act:01b56ba6-d22e-5263-a737-d7c2bad0eecd
op:5b11c96f-eba1-573b-b912-8511ef7d3bd9,U0209,S0500,12,300,Assemble Box,2022-03-29 14:38:57.066000+09:00,2022-03-29 14:39:09.508000+09:00,act:c814e8ab-7f8e-5446-933b-a51fe6e81ed5;act:1644d848-794a-5179-98d1-423dec4ae1b8;act:c5224f75-79ed-561a-ad7d-a4914898b05f;act:1122367d-0fe6-57ae-9796-b9cc631d8afb
op:34547c4a-8277-5a95-98dc-e3e1e3836404,U0209,S0500,12,400,Insert Items,2022-03-29 14:39:09.508000+09:00,2022-03-29 14:39:13.797000+09:00,act:08d20006-fc86-5c2e-b7ec-09870b5abf5a
op:d5704d11-87cf-558e-8c18-4bdc1e5a1dac,U0209,S0500,12,500,Close Box,2022-03-29 14:39:13.797000+09:00,2022-03-29 14:39:21.978000+09:00,act:679fec6c-f723-582a-8e1e-e64e04770bd4;act:d5808646-9f21-5434-8e24-5a224943c9fb
op:b42dbc9a-402f-513f-b6f9-aa59c602237d,U0209,S0500,12,600,Attach Box Label,2022-03-29 14:39:21.978000+09:00,2022-03-29 14:39:25.045000+09:00,act:bbcda6bf-1886-5123-b952-6602a7bd0368
op:f0e7a415-a70f-5ce9-a95c-a120094aea9d,U0209,S0500,12,700,Scan Label,2022-03-29 14:39:25.045000+09:00,2022-03-29 14:39:33.510000+09:00,act:63e9aedb-0fe8-5543-a7d1-c37570394282;act:e28ee156-e631-57d8-9800-c4592ffbc046;act:a01d6e48-284e-5d14-b548-a864af9bc8b0;act:4217fa10-1cd4-5ae1-a1a4-d24de291e47b;act:ca896db6-acad-577e-a0c7-43a027790fc9;act:084a6a07-2c70-520d-81d9-bba2ebf26411
op:b7d6ad68-0d2e-5762-938c-defce76a0047,U0209,S0500,12,1000,Fill out Order,2022-03-29 14:39:33.510000+09:00,2022-03-29 14:39:38.510000+09:00,act:74fec2a5-d0c9-5a5b-99be-3548c1187450;act:54ac00db-ed17-57ac-9513-277209180bc6;act:2ca246f5-515c-5566-96e9-11e792d8604c
op:bdef1126-b68f-585e-9cf1-9fccde8eeffa,U0209,S0500,12,800,Attach Shipping Label,2022-03-29 14:39:38.510000+09:00,2022-03-29 14:39:43.445000+09:00,act:7dc586e7-03a1-5fd9-8333-d7d995f93c52;act:7b0e04ed-a60d-594a-b314-668071bbdfa2
op:8e19d5f4-f1ab-57e1-a099-cef1d0efc26d,U0209,S0500,13,100,Picking,2022-03-29 14:39:43.445000+09:00,2022-03-29 14:39:49.857000+09:00,act:28ab9bfb-326a-5b86-83ba-fdc4347e43da;act:f33f007f-1bdf-5e9c-bec5-296a44d8af16;act:559897e5-91b3-538e-a81c-d7ee14714ab8
op:b9220926-c3d9-5186-8e16-c1f07b319b91,U0209,S0500,13,200,Relocate Item Label,2022-03-29 14:39:49.857000+09:00,2022-03-29 14:39:54.928000+09:00,act:ca522121-7b27-52c1-bbd2-af30a5a8d31e;act:b44902de-42e1-5e88-97f6-790791916410
op:2f336247-ad9c-53e9-a735-417d7ae15c38,U0209,S0500,13,300,Assemble Box,2022-03-29 14:39:54.928000+09:00,2022-03-29 14:40:06.276000+09:00,act:1e4633da-3f4f-5233-8d99-beebe0ef4c00;act:5bb14cad-1f94-5118-834a-9d4f4fee21a4;act:a461c8dc-ea71-51c9-acb8-9f8b1d04ebbe;act:d0e0e975-7215-55bf-a3a4-1c8642526236
op:509ae1b8-d0c6-5cb5-8003-171b5b80fe3e,U0209,S0500,13,400,Insert Items,2022-03-29 14:40:06.276000+09:00,2022-03-29 14:40:12.241000+09:00,act:e559d956-6636-51d2-ad9e-23deb094b8f6;act:5e5c541a-6494-58ce-bbb1-631619b480f5
op:818c4743-0c3b-5c99-8525-b027300f9ae1,U0209,S0500,13,500,Close Box,2022-03-29 14:40:12.241000+09:00,2022-03-29 14:40:20.081000+09:00,act:87c662ce-b522-5a0c-a561-6b705045bbc2;act:22723b13-ce3f-54c2-b80e-a235c119399a
op:16d46ee4-c5d9-586a-ba72-7aa4d7068977,U0209,S0500,13,600,Attach Box Label,2022-03-29 14:40:20.081000+09:00,2022-03-29 14:40:23.575000+09:00,act:c7156a6b-931b-5e7b-ac24-d790f8d41b0b
op:21dc74a1-b824-5f87-ba45-dd56d7e099b9,U0209,S0500,13,700,Scan Label,2022-03-29 14:40:23.575000+09:00,2022-03-29 14:40:32.210000+09:00,act:aa090dd4-26b4-57db-a533-fe29666bb399;act:7a4d23a5-7ca0-58f7-a8bb-461474a03a41;act:920621b2-e21e-5f13-aaf3-75f49b628ed3;act:4c818c9c-ea6b-5314-b66d-b4ac0a608ddc;act:c3af3415-3a66-5548-b3f5-49b392adc6ca;act:7cb3e24d-7b57-5a79-ba10-af05f3a353f4
op:6baa9741-54dd-5f71-8c6e-8f5fc37e652d,U0209,S0500,13,1000,Fill out Order,2022-03-29 14:40:32.210000+09:00,2022-03-29 14:40:36.329000+09:00,act:f33b50b8-0374-59f3-80d9-2a4b251dac88;act:27d3a49f-ab24-5ad0-8090-896e12df54c6;act:e8a1ae6e-173f-51ae-a053-714f932c6492
op:eecf41cb-3581-562b-ba87-40caf51d2719,U0209,S0500,13,800,Attach Shipping Label,2022-03-29 14:40:36.329000+09:00,2022-03-29 14:40:43.480000+09:00,act:66635508-9e0c-516c-9a51-19cecef4aaa5;act:637d0b8b-65e0-5b7b-afcc-f8aa52aba6db
op:50b11a14-ca0c-50d6-98f1-ecc7a5726cb7,U0209,S0500,14,100,Picking,2022-03-29 14:40:43.480000+09:00,2022-03-29 14:40:50.830000+09:00,act:d0821bf9-bec6-5312-ba11-55d4bb14de83;act:0ae3a24d-4f5c-56b0-8707-aab9334215cb;act:69e532ec-e4a2-5ab8-be2d-11d9ab4b7803
op:5601319a-a133-56f2-ae6d-590d527f2e82,U0209,S0500,14,200,Relocate Item Label,2022-03-29 14:40:54.536000+09:00,2022-03-29 14:41:08.370000+09:00,act:89777c10-8405-556c-b4f2-4c233c8caa79;act:6d5e0e8c-f12f-5380-9e1e-14a4dc581056;act:d6968ce5-63e7-58d1-b57d-d660a9f915f6;act:f2f388f8-54de-5050-8dd8-83028f39a2b4
op:981df495-a17f-58cf-b409-7f03c4f71f82,U0209,S0500,14,300,Assemble Box,2022-03-29 14:41:08.370000+09:00,2022-03-29 14:41:17.175000+09:00,act:327fd49a-8425-5e5f-838f-16453ea077f7;act:f1083f50-f8b9-5486-9cdc-64432653decf;act:1a0ac8a5-0247-5c0b-93bc-04f419fd2c0f;act:f0807369-5a85-57fe-b4c4-7125460e2f2c
op:75b9b3a3-5f79-51b2-ad90-1e9314741993,U0209,S0500,14,400,Insert Items,2022-03-29 14:41:17.175000+09:00,2022-03-29 14:41:19.505000+09:00,act:9474a56b-9008-541e-93da-cebd789ec782
op:20a0a5c4-7cff-5c1a-a8a5-627118eac9a9,U0209,S0500,14,500,Close Box,2022-03-29 14:41:19.505000+09:00,2022-03-29 14:41:30.086000+09:00,act:81aa1022-92cc-5852-909d-7eafdc1e23b6;act:0c6bda89-d19b-552f-a2ab-fdecd6ac119d;act:0272082a-6a56-5e54-9a80-7765ba25fb6d
op:f5174f2c-988e-5006-922d-12d36447508c,U0209,S0500,14,600,Attach Box Label,2022-03-29 14:41:30.086000+09:00,2022-03-29 14:41:32.529000+09:00,act:16a874f1-11e6-5d2c-a173-bf98581926d5
op:7570e260-a33c-5feb-98f4-f90600ea718c,U0209,S0500,14,700,Scan Label,2022-03-29 14:41:32.529000+09:00,2022-03-29 14:41:44.288000+09:00,act:fb0f4595-1106-5f74-84a7-8541fce7dc3b;act:175b08a1-7a1f-5e83-aa6b-b2a1bd60dd54;act:132d9996-ddda-593d-a311-35f7d6f21fee;act:b8af6df6-7f2e-5fe4-aef7-2d1899f70495;act:620b7184-b60e-5587-9509-4970dc29eb41;act:41df7674-4ae6-5249-a6b8-4f6b25280833
op:02649914-46ac-5b2a-a566-fef56f017bc9,U0209,S0500,14,1000,Fill out Order,2022-03-29 14:41:44.288000+09:00,2022-03-29 14:41:51.915000+09:00,act:d567e9c2-3c8f-50fe-9bca-18cb7492d00a;act:ad34db09-612e-5c88-8474-c492fd16864c;act:0ec7555f-8926-5918-a2ad-44de220e87a3
op:a4af8b0f-d424-5452-bc2e-2bffdb9195aa,U0209,S0500,14,800,Attach Shipping Label,2022-03-29 14:41:51.915000+09:00,2022-03-29 14:41:59.709000+09:00,act:ea14e921-a4f6-5e0a-adab-7764aa8675cf;act:eaf7eece-d3dc-5a55-9703-8456f606613f
op:758e80be-751a-5948-8dce-615d8d8e927e,U0209,S0500,15,100,Picking,2022-03-29 14:41:59.709000+09:00,2022-03-29 14:42:11.018000+09:00,act:d8fc53e4-d963-5c10-b02f-ec59695161bc;act:a2c13ae9-dc48-5a3b-b819-ec35abd5bb98;act:269d05ca-cdd9-5fb3-8380-366343df20e2;act:6238fdc6-e2f8-5c29-9c4c-053f4f469776
op:c3e7c176-40f0-59fc-b097-5eb09f323d81,U0209,S0500,15,200,Relocate Item Label,2022-03-29 14:42:11.018000+09:00,2022-03-29 14:42:19.454000+09:00,act:af09eb12-bd27-57bb-9a4e-54f0306b08a7;act:2bfa7bf0-43af-5f68-bced-a48256b4a253;act:e6c907e2-035b-5056-9955-d1d4a15db034
op:923af457-5249-5884-81ec-6925f03c4433,U0209,S0500,15,100,Picking,2022-03-29 14:42:19.454000+09:00,2022-03-29 14:42:21.045000+09:00,act:f2afaf2d-61bf-517f-a548-15ae8d2ca819
op:47f7770b-16be-5510-97c6-a03e4d05c18e,U0209,S0500,15,200,Relocate Item Label,2022-03-29 14:42:21.045000+09:00,2022-03-29 14:42:31.924000+09:00,act:530891e5-56ca-57d7-8e04-3c12102642ec;act:5e2985dc-8c16-53ed-8fa5-10b4b36a6943
op:c42c9cc1-c1db-5cf1-a49e-61e6fa7deb3c,U0209,S0500,15,300,Assemble Box,2022-03-29 14:42:31.924000+09:00,2022-03-29 14:42:36.128000+09:00,act:ec17b294-199a-5a6b-aac0-86092824fb5b
op:37e66cf7-9536-590d-ad3d-c5e8702a9ae9,U0209,S0500,15,400,Insert Items,2022-03-29 14:42:36.128000+09:00,2022-03-29 14:42:46.382000+09:00,act:1b17cca6-1cbf-51d4-bf5a-dcb89da5f7b5;act:d1cd14bf-80d8-53c1-bc28-f2e824b432b3
op:5d7f628b-c194-5757-a0d6-380cf9d8840b,U0209,S0500,15,500,Close Box,2022-03-29 14:42:46.382000+09:00,2022-03-29 14:42:54.464000+09:00,act:aea47bfc-5da7-5281-8113-9b304d701395;act:411a5a01-c579-556f-ad5a-39dbfc46f739
op:79e3208a-75d4-5878-82cd-81dbb7f5a0db,U0209,S0500,15,600,Attach Box Label,2022-03-29 14:42:54.464000+09:00,2022-03-29 14:42:57.972000+09:00,act:7bcd02d8-7afb-59e7-8146-937f9c8e0ed1
op:1bd83d99-c93e-53b9-be2c-33f3fc163c4c,U0209,S0500,15,700,Scan Label,2022-03-29 14:42:57.972000+09:00,2022-03-29 14:43:08.084000+09:00,act:517d3b97-5a7e-52c3-acf1-6548f49eb022;act:ee7003d4-33fb-558e-911c-05624a641ed7;act:9d6f577a-3a35-52db-bba5-f7fbac841c5d;act:ac43487a-9afd-5b44-82d6-7eb18f4a98ed;act:457bfb7a-92a3-59d7-b5cf-01bca674389b;act:c203f3f7-2ba9-575c-9c11-fc280de3f9b9
op:4941350a-6649-5d3d-9aab-eeb479173793,U0209,S0500,15,1000,Fill out Order,2022-03-29 14:43:08.084000+09:00,2022-03-29 14:43:17.117000+09:00,act:d64d278f-3f6a-553f-a183-5b42fd29b5ed;act:89408833-1917-50ad-a67e-958c4d317d70;act:b53b9824-25b6-5db7-aeaf-c985b90f9ccd
op:43623827-c094-501b-a194-9d8097263f00,U0209,S0500,15,800,Attach Shipping Label,2022-03-29 14:43:17.117000+09:00,2022-03-29 14:43:23.082000+09:00,act:a24fe164-a78a-5fa3-84f9-ade0db5e60b5;act:1c8180c7-8dd5-5068-92be-c625723f782e
op:08fa8fd0-aa47-5e0d-8907-265b83f74a81,U0209,S0500,15,900,Put on Back Table,2022-03-29 14:43:23.082000+09:00,2022-03-29 14:43:26.008000+09:00,act:c60d05da-e62d-5ad0-9cc8-0c2645175edf;act:e5726fbe-899c-567f-878c-40abe89a9f5c
op:bf64a8ff-e504-510b-a3a9-6349f08e572f,U0209,S0500,16,100,Picking,2022-03-29 14:43:26.008000+09:00,2022-03-29 14:43:30.652000+09:00,act:0ed4cdf4-7e0d-5b6f-9e84-c9698c7c9608;act:27d3b202-5496-5384-abce-2a60328289fc
op:0afcec71-5b55-5e4c-8dca-f8066b4d43db,U0209,S0500,16,200,Relocate Item Label,2022-03-29 14:43:30.652000+09:00,2022-03-29 14:43:34.146000+09:00,act:0cd7158d-a96b-5166-a030-e5008fc769ff;act:906003a3-964b-5bcc-bb33-8417c86d2d9c
op:d5ae8f59-c24e-5a73-93d0-aa2e4b777666,U0209,S0500,16,300,Assemble Box,2022-03-29 14:43:34.146000+09:00,2022-03-29 14:43:43.918000+09:00,act:8a86d77f-697f-50ec-b764-690b603a54b3;act:d9d4b3fa-9342-591d-97dc-56ecd6afae1d;act:e94bca06-06bc-5862-8f15-0b1d30087acc;act:9a25e218-0a53-50f0-a3e3-22c6a1dac07d
op:67c4d288-f7ad-513b-8148-f89e278f9428,U0209,S0500,16,400,Insert Items,2022-03-29 14:43:43.918000+09:00,2022-03-29 14:43:49.698000+09:00,act:624e01cf-50c6-519b-b9d5-965b13f82163;act:efe45ca4-cdf8-5c88-8c40-5a0e2cba829e
op:74b23c87-d828-5ab8-b1fa-8bd542282613,U0209,S0500,16,500,Close Box,2022-03-29 14:43:49.698000+09:00,2022-03-29 14:43:58.362000+09:00,act:550ccddf-d753-5ba9-a247-330df65089e3;act:97980831-851d-5c64-9967-d7b7de7b70d0
op:fb88a0f4-10b4-5c82-b2e0-a991e79b0fb7,U0209,S0500,16,600,Attach Box Label,2022-03-29 14:43:58.362000+09:00,2022-03-29 14:44:01.515000+09:00,act:13cd9aaf-ed60-54ed-8c4b-d51c172baf42
op:0ac7259e-c183-56c6-b928-62eb125a4e2d,U0209,S0500,16,700,Scan Label,2022-03-29 14:44:01.515000+09:00,2022-03-29 14:44:08.971000+09:00,act:c44dff03-7184-51dc-b132-76ca1763e6b0;act:4b86a481-496f-5bbd-aa57-4a5b4c67c99b;act:e21af85b-e465-50e4-a389-b500029019cd;act:e07c850e-2ec6-52cd-8e01-d8d762d19e31;act:9925d80f-1457-5d12-8f8c-92108dc43f50;act:7754e3cf-b0ac-5c7f-8df2-7ab6b4af6652
op:039d566e-0cd4-5a86-b42f-38bf6cced8c6,U0209,S0500,16,1000,Fill out Order,2022-03-29 14:44:08.971000+09:00,2022-03-29 14:44:13.019000+09:00,act:d5ed017b-459e-5378-babd-4a040ac2b3e4;act:b7f221ad-e27c-5dc8-9ad4-edb4cd6e957a;act:a9255786-2536-55e1-903c-907564a1e3cb
op:62e18b32-6dac-52b1-9146-29de09b63d3a,U0209,S0500,16,800,Attach Shipping Label,2022-03-29 14:44:13.019000+09:00,2022-03-29 14:44:20.290000+09:00,act:95141550-0975-5648-82a6-0fbd5528fab0;act:e0317b10-21a7-5b30-a28b-64db0cb00507
op:ac014dd7-d686-5eba-b32d-7d340ec4f088,U0209,S0500,17,100,Picking,2022-03-29 14:44:20.290000+09:00,2022-03-29 14:44:28.912000+09:00,act:782809fd-6090-55fa-97fe-1e8ea4d56019;act:6f657087-51ec-5c90-9159-6aeed330e6b1;act:75f2ae48-4865-55fa-b8f3-8be5fdb2c240
op:a0852212-1e19-5e77-984a-f6b09aeb895d,U0209,S0500,17,200,Relocate Item Label,2022-03-29 14:44:28.912000+09:00,2022-03-29 14:44:34.408000+09:00,act:0aa1a56c-f23b-51e7-ad99-d07012fd4afa;act:eb3e8498-9795-53b0-97b1-923e52632283
op:f71c5539-8650-553b-b261-1f516f1b58f1,U0209,S0500,17,300,Assemble Box,2022-03-29 14:44:34.408000+09:00,2022-03-29 14:44:46.992000+09:00,act:f5b67c3c-5b30-5ef8-869d-038065df7435;act:67e029f1-e1be-5158-aef5-3feef1affef5;act:6c3428ac-6fd7-540e-ab2f-ec0020243825;act:46e09e13-d53f-57a7-802e-9f7355719e85
op:ad052c0a-1e75-5ffd-bf6e-62153800ec1a,U0209,S0500,17,400,Insert Items,2022-03-29 14:44:46.992000+09:00,2022-03-29 14:44:55.400000+09:00,act:3453275d-db4c-5b48-8cec-56dc6b098218;act:e11d7f4e-30e0-5859-8cf3-f92877caaad5
op:96c48121-6824-57cf-96df-6288f6797a92,U0209,S0500,17,500,Close Box,2022-03-29 14:44:55.400000+09:00,2022-03-29 14:45:02.530000+09:00,act:47e54123-81be-50bc-a426-4e688955517a;act:21b0a3f4-ec50-53dd-8e1b-99731e35c4de
op:8eda5c93-31cc-593a-8477-2a355915e2ce,U0209,S0500,17,600,Attach Box Label,2022-03-29 14:45:02.530000+09:00,2022-03-29 14:45:08.197000+09:00,act:34a04825-863c-5e9f-8dde-789bc4701e88
op:c833a731-5c83-5164-9927-213908b2eead,U0209,S0500,17,700,Scan Label,2022-03-29 14:45:08.197000+09:00,2022-03-29 14:45:16.193000+09:00,act:f4cbf642-8e76-53a8-bf19-8de9f70da31d;act:61ac9d92-47dc-56af-8908-6f319e9b6ef1;act:0edfa4b2-5d5d-526f-803f-29ac6428b98a;act:6e0e699d-621e-5dad-abb8-6bbb50abe1b3;act:daeea8bf-9f1a-57c2-8a32-9de98bd9edd2;act:40ed6451-4244-54d7-898a-bb78c0f6f3b4
op:4d6e9516-9899-586a-918c-b32678ec56ac,U0209,S0500,17,1000,Fill out Order,2022-03-29 14:45:16.193000+09:00,2022-03-29 14:45:20.539000+09:00,act:c04458ab-3599-58d1-a269-ffe206bb74cd;act:390ebc67-f87c-537c-9cc3-8eddb160ca91;act:879a0af8-4b82-5de6-8bda-eca40ecd04e1
op:3729b6b1-ad62-5751-9025-8a861736bb42,U0209,S0500,17,800,Attach Shipping Label,2022-03-29 14:45:20.539000+09:00,2022-03-29 14:45:29.460000+09:00,act:eec2bff7-6511-50db-ba62-2356e0d353a6;act:9a919623-e8e7-50b5-9c51-5345d2db8cd8
op:17f27fc3-4615-51c6-a7b1-bb44657d28c8,U0209,S0500,18,100,Picking,2022-03-29 14:45:29.460000+09:00,2022-03-29 14:45:36.716000+09:00,act:dd41a45e-ad81-5bbe-8e0b-f21c9df9aa50;act:6e4ed015-7a4e-5fb7-a340-811838001a24;act:c15df345-ff25-56cd-afc8-75b36e34198b
op:b7a348a2-7fab-5dfe-9b7c-c408222ccb56,U0209,S0500,18,200,Relocate Item Label,2022-03-29 14:45:36.716000+09:00,2022-03-29 14:45:59.299000+09:00,act:a5d4ef40-552f-5eef-8614-db293568c00c;act:7e52fb69-bc48-59ad-a92e-ca120bc71e31;act:547f7e2e-ea4b-54c0-9299-cbd1641dc80b;act:395e7d93-1e5b-554b-b172-97f84e821c10;act:51da475c-f5e1-5c1b-8fa4-f47b84745bcb
op:aeb28405-680d-5cfa-ac56-7c5abac086dd,U0209,S0500,18,300,Assemble Box,2022-03-29 14:45:59.299000+09:00,2022-03-29 14:46:11.612000+09:00,act:e28ff5fd-5caf-5a73-80a7-478a1a9a03dd;act:a8edafa8-eee9-5b3a-bfa9-17127a37f75d;act:db872518-faae-5b6e-a82e-b40f3dffa3b8;act:b63a5e00-d26b-584f-9afc-be24a8ead5f6
op:d3fd48ad-6d45-536b-a54a-314d3a950d7f,U0209,S0500,18,400,Insert Items,2022-03-29 14:46:11.612000+09:00,2022-03-29 14:46:17.805000+09:00,act:dd400ee1-7706-5a19-b92d-16e51a1379f5
op:bfcacb83-44a3-5a0c-a348-501c967843c8,U0209,S0500,18,500,Close Box,2022-03-29 14:46:17.805000+09:00,2022-03-29 14:46:27.221000+09:00,act:3a9b3c2e-3683-56cf-b0a7-a9248425ddb5;act:45082ffc-c213-51ee-8ba9-3d605667c752
op:f83cd4c5-8465-55ba-927b-0e20a84f4127,U0209,S0500,18,600,Attach Box Label,2022-03-29 14:46:27.221000+09:00,2022-03-29 14:46:29.777000+09:00,act:9da85da1-3034-53a7-b7b4-e39cfe453823
op:02211a45-ad20-52a0-ac9a-9baccfbc3e2d,U0209,S0500,18,700,Scan Label,2022-03-29 14:46:29.777000+09:00,2022-03-29 14:46:39.236000+09:00,act:95453439-2f45-5b53-948e-beac7dbd4288;act:e4da05aa-4da2-5218-9d40-b572dbba93c1;act:63529b07-a8ab-5061-a4ce-5e9d7b108396;act:204f2bd9-5b53-53c4-a497-8dd61c860737;act:5904f57b-7fa1-5787-acd9-137ff5209ebd;act:3c165e8c-84cd-506d-8418-14104276f782
op:aabacb7c-3a55-5c5a-8825-5f65ca87b7db,U0209,S0500,18,1000,Fill out Order,2022-03-29 14:46:39.236000+09:00,2022-03-29 14:46:48.184000+09:00,act:d04df5a1-e6e7-5e7d-afc4-629e42c5427e;act:1da5e03f-3d0e-5b7d-87e2-ecb0fe2721b2;act:ec8f4658-1641-53cb-8aae-29dcbbf23493
op:c34be7e3-7ff6-56d2-9c10-7b4b58ff411b,U0209,S0500,18,800,Attach Shipping Label,2022-03-29 14:46:48.184000+09:00,2022-03-29 14:46:56.045000+09:00,act:46cba1ab-561d-5b50-8f1e-424b0eb26784;act:9463c577-1010-583f-834c-72ea4ed1e934
op:5beab60d-7a3c-5467-8bdd-f1ea1faf7489,U0209,S0500,19,100,Picking,2022-03-29 14:46:56.045000+09:00,2022-03-29 14:47:01.861000+09:00,act:4101d5a5-93b2-5964-82e9-316a24a973ef;act:d0d87ccf-886a-58f7-9728-344176cf18bf;act:060ad1fa-498e-53ca-a723-d8b0e7cd791d
op:16ac4a50-0e37-5493-ad0a-377df04db84f,U0209,S0500,19,200,Relocate Item Label,2022-03-29 14:47:01.861000+09:00,2022-03-29 14:47:07.201000+09:00,act:28e08a51-d3d6-59c0-a183-08e7a928731e;act:e453c973-ca85-5c06-8fb1-c43530fb81a9
op:7754f7c2-85a0-5b0e-9e13-9b759e9d0976,U0209,S0500,19,300,Assemble Box,2022-03-29 14:47:07.201000+09:00,2022-03-29 14:47:16.675000+09:00,act:ec815463-5ed4-580e-9d9c-bb485109b8f1;act:a28c3a58-2ad6-58b5-b814-ffe7b48977a2;act:3c7134e9-c66c-5e1e-ae5b-f5ab3bf3e580;act:3f1e4ab0-ff20-524c-9033-387e40ce94c9
op:3c107eb6-1268-5941-abdb-93d4c580fab0,U0209,S0500,19,400,Insert Items,2022-03-29 14:47:16.675000+09:00,2022-03-29 14:47:19.799000+09:00,act:117520fa-131c-5f25-a2d4-babfc177bdf9
op:2c7dc552-0f1d-5a33-b814-ed8a7ef9bff4,U0209,S0500,19,500,Close Box,2022-03-29 14:47:19.799000+09:00,2022-03-29 14:47:29.500000+09:00,act:66304436-4f1a-5620-be4c-f46dc313a29a;act:b66aace9-2796-55fe-872d-9b66a8f7b3a7
op:dbcc0221-5d93-54e8-8752-15b60a4514f3,U0209,S0500,19,600,Attach Box Label,2022-03-29 14:47:29.500000+09:00,2022-03-29 14:47:31.673000+09:00,act:28526885-a416-5f9e-8052-52ccbebeeb37
op:51372982-68ba-5420-8683-08dac00f8084,U0209,S0500,19,700,Scan Label,2022-03-29 14:47:31.673000+09:00,2022-03-29 14:47:40.791000+09:00,act:fb8ace35-d7d3-50b8-820e-dfb08ded8d4a;act:c19e9c62-65b8-553f-9d23-6363293a7005;act:63bb838b-dad8-5c83-b9fb-a3fea2a58461;act:9709c2a1-266e-5c3a-9c94-0d05698ab064;act:04338bed-fdc3-5fc4-bb15-58bb078c8516;act:1e295c06-55e6-5c23-bb74-98689734b321
op:0b088c5f-ddef-5c0b-8aa1-f32bfa01b9c8,U0209,S0500,19,1000,Fill out Order,2022-03-29 14:47:40.791000+09:00,2022-03-29 14:47:45.378000+09:00,act:c79917d4-d962-50d0-a48c-f21ae4a6a4d2;act:806222dd-4408-5b99-93ba-b8b04f38edb0;act:5f1ee74b-40e6-5a26-bf60-769f741e2610
op:bd90ee75-cee0-57dd-8fdb-1c58b9811e8a,U0209,S0500,19,800,Attach Shipping Label,2022-03-29 14:47:45.378000+09:00,2022-03-29 14:47:49.452000+09:00,act:3e2579c3-81bf-5f06-ad5b-bd9e6aa2d9ca;act:ee1ef754-5a3d-50b5-aae8-a8f99ea62335
op:ed186395-d204-5dae-85f4-91a9530ff7b5,U0209,S0500,20,100,Picking,2022-03-29 14:47:49.452000+09:00,2022-03-29 14:47:55.178000+09:00,act:565124c0-dcb8-5dcc-851a-3958d10c1ea0;act:bda99624-5e99-5299-a3cb-a32598259b44;act:cc8c2da5-3d72-55a4-9dba-18b97ee1ebf8
op:0ddcc568-c17b-5c2e-a260-7b701c286e81,U0209,S0500,20,200,Relocate Item Label,2022-03-29 14:47:55.178000+09:00,2022-03-29 14:47:59.978000+09:00,act:1d0914b8-2087-5ebb-99d4-0993c38a012c;act:74d53b75-3f28-5920-8d62-2f8e4edb42a1
op:0c7262f5-7565-5378-bcfb-22998c48f49b,U0209,S0500,20,300,Assemble Box,2022-03-29 14:47:59.978000+09:00,2022-03-29 14:48:03.330000+09:00,act:2ec50e03-25dd-5430-94b3-ffe9bac2002a
op:629922d4-f957-57ae-9040-35641339110d,U0209,S0500,20,400,Insert Items,2022-03-29 14:48:03.330000+09:00,2022-03-29 14:48:06.938000+09:00,act:21def9fc-c497-527f-b1e4-43f09ae9ea39
op:1d314896-5f9b-5fd1-b967-4930c16f8772,U0209,S0500,20,500,Close Box,2022-03-29 14:48:06.938000+09:00,2022-03-29 14:48:18.541000+09:00,act:6c0b8fa7-213e-5daa-a432-ba922b9aa651;act:8fb3b478-02ea-500a-9823-76f545fe9df8
op:51334efe-5b0d-5282-bf78-725f7802777c,U0209,S0500,20,600,Attach Box Label,2022-03-29 14:48:18.541000+09:00,2022-03-29 14:48:21.098000+09:00,act:d011d2fa-c6be-5ca3-8e1d-d8a1fb05b328
op:fbad1c27-7cbf-5fd5-86d4-7d3e3ac2f2a4,U0209,S0500,20,700,Scan Label,2022-03-29 14:48:21.098000+09:00,2022-03-29 14:48:31.480000+09:00,act:424ad7e9-3cd9-5e57-8645-3f303a730875;act:05064912-5931-5196-b731-3e3feffb6c34;act:e0f1c580-50d4-5678-ae7a-b7685d8d0702;act:52d1c15e-a5a7-5c9c-9887-2d55ec3df123;act:1b0e037b-f3e8-50a6-9760-4e4da9c4ccda;act:82548ed7-515a-596c-a379-a000917b8742
op:eb2347d2-5c51-5227-85ba-246ec1a9c218,U0209,S0500,20,1000,Fill out Order,2022-03-29 14:48:31.480000+09:00,2022-03-29 14:48:35.087000+09:00,act:2be4836d-831a-507c-93ea-ef4eeed85b1d;act:18762d88-5a89-59db-88d8-89e411eacd37;act:1d5ffcbf-c2c7-5b99-bc99-d7b981890c25
op:b763e06b-4842-58cd-8b1a-8c7de5d5c7a1,U0209,S0500,20,800,Attach Shipping Label,2022-03-29 14:48:35.087000+09:00,2022-03-29 14:48:41.152000+09:00,act:fff06ffb-7237-5447-bb99-a6be3b19d389;act:8946ac93-f8ca-530e-915e-b19bc9da3618
op:7a21c048-b8d8-5dab-9958-82e3150a50f5,U0209,S0500,20,900,Put on Back Table,2022-03-29 14:48:41.152000+09:00,2022-03-29 14:48:48.913000+09:00,act:cf740a95-f2a8-5470-8cec-be949fc5434e;act:a41071d3-2b43-5684-87b5-0dd3fd901caa
