unixtime,user,session,box,id
1648531522000,U0209,S0500,1,100
1648531523000,U0209,S0500,1,100
1648531524000,U0209,S0500,1,100
1648531525000,U0209,S0500,1,100
1648531526000,U0209,S0500,1,100
1648531527000,U0209,S0500,1,100
1648531528000,U0209,S0500,1,100
1648531529000,U0209,S0500,1,100
1648531530000,U0209,S0500,1,200
1648531531000,U0209,S0500,1,200
1648531532000,U0209,S0500,1,200
1648531533000,U0209,S0500,1,200
1648531534000,U0209,S0500,1,200
1648531535000,U0209,S0500,1,200
1648531536000,U0209,S0500,1,200
1648531537000,U0209,S0500,1,200
1648531538000,U0209,S0500,1,200
1648531539000,U0209,S0500,1,200
1648531540000,U0209,S0500,1,200
1648531541000,U0209,S0500,1,200
1648531542000,U0209,S0500,1,200
1648531543000,U0209,S0500,1,200
1648531544000,U0209,S0500,1,200
1648531545000,U0209,S0500,1,200
1648531546000,U0209,S0500,1,200
1648531547000,U0209,S0500,1,200
1648531548000,U0209,S0500,1,200
1648531549000,U0209,S0500,1,200
1648531550000,U0209,S0500,1,200
1648531551000,U0209,S0500,1,200
1648531552000,U0209,S0500,1,200
1648531553000,U0209,S0500,1,200
1648531554000,U0209,S0500,1,200
1648531555000,U0209,S0500,1,200
1648531556000,U0209,S0500,1,300
1648531557000,U0209,S0500,1,300
1648531558000,U0209,S0500,1,300
1648531559000,U0209,S0500,1,400
1648531560000,U0209,S0500,1,400
1648531561000,U0209,S0500,1,400
1648531562000,U0209,S0500,1,400
1648531563000,U0209,S0500,1,400
1648531564000,U0209,S0500,1,400
1648531565000,U0209,S0500,1,400
1648531566000,U0209,S0500,1,500
1648531567000,U0209,S0500,1,500
1648531568000,U0209,S0500,1,500
1648531569000,U0209,S0500,1,500
1648531570000,U0209,S0500,1,500
1648531571000,U0209,S0500,1,500
1648531572000,U0209,S0500,1,500
1648531573000,U0209,S0500,1,500
1648531574000,U0209,S0500,1,500
1648531575000,U0209,S0500,1,600
1648531576000,U0209,S0500,1,600
1648531577000,U0209,S0500,1,700
1648531578000,U0209,S0500,1,700
1648531579000,U0209,S0500,1,700
1648531580000,U0209,S0500,1,700
1648531581000,U0209,S0500,1,700
1648531582000,U0209,S0500,1,700
1648531583000,U0209,S0500,1,700
1648531584000,U0209,S0500,1,700
1648531585000,U0209,S0500,1,700
1648531586000,U0209,S0500,1,700
1648531587000,U0209,S0500,1,700
1648531588000,U0209,S0500,1,700
1648531589000,U0209,S0500,1,700
1648531590000,U0209,S0500,1,1000
1648531591000,U0209,S0500,1,1000
1648531592000,U0209,S0500,1,1000
1648531593000,U0209,S0500,1,1000
1648531594000,U0209,S0500,1,1000
1648531595000,U0209,S0500,1,1000
1648531596000,U0209,S0500,1,1000
1648531597000,U0209,S0500,1,1000
1648531598000,U0209,S0500,1,1000
1648531599000,U0209,S0500,1,1000
1648531600000,U0209,S0500,1,1000
1648531601000,U0209,S0500,1,1000
1648531602000,U0209,S0500,1,800
1648531603000,U0209,S0500,1,800
1648531604000,U0209,S0500,1,800
1648531605000,U0209,S0500,1,800
1648531606000,U0209,S0500,1,800
1648531607000,U0209,S0500,1,800
1648531608000,U0209,S0500,1,800
1648531609000,U0209,S0500,1,900
1648531610000,U0209,S0500,1,900
1648531611000,U0209,S0500,1,900
1648531612000,U0209,S0500,1,900
1648531613000,U0209,S0500,2,100
1648531614000,U0209,S0500,2,100
1648531615000,U0209,S0500,2,100
1648531616000,U0209,S0500,2,100
1648531617000,U0209,S0500,2,100
1648531618000,U0209,S0500,2,100
1648531619000,U0209,S0500,2,100
1648531620000,U0209,S0500,2,100
1648531621000,U0209,S0500,2,200
1648531622000,U0209,S0500,2,200
1648531623000,U0209,S0500,2,200
1648531624000,U0209,S0500,2,200
1648531625000,U0209,S0500,2,200
1648531626000,U0209,S0500,2,300
1648531627000,U0209,S0500,2,300
1648531628000,U0209,S0500,2,300
1648531629000,U0209,S0500,2,300
1648531630000,U0209,S0500,2,300
1648531631000,U0209,S0500,2,300
1648531632000,U0209,S0500,2,300
1648531633000,U0209,S0500,2,300
1648531634000,U0209,S0500,2,300
1648531635000,U0209,S0500,2,300
1648531636000,U0209,S0500,2,300
1648531637000,U0209,S0500,2,300
1648531638000,U0209,S0500,2,300
1648531639000,U0209,S0500,2,300
1648531640000,U0209,S0500,2,300
1648531641000,U0209,S0500,2,400
1648531642000,U0209,S0500,2,400
1648531643000,U0209,S0500,2,400
1648531644000,U0209,S0500,2,400
1648531645000,U0209,S0500,2,400
1648531646000,U0209,S0500,2,400
1648531647000,U0209,S0500,2,500
1648531648000,U0209,S0500,2,500
1648531649000,U0209,S0500,2,500
1648531650000,U0209,S0500,2,500
1648531651000,U0209,S0500,2,500
1648531652000,U0209,S0500,2,500
1648531653000,U0209,S0500,2,500
1648531654000,U0209,S0500,2,500
1648531655000,U0209,S0500,2,500
1648531656000,U0209,S0500,2,500
1648531657000,U0209,S0500,2,500
1648531658000,U0209,S0500,2,500
1648531659000,U0209,S0500,2,600
1648531660000,U0209,S0500,2,600
1648531661000,U0209,S0500,2,600
1648531662000,U0209,S0500,2,700
1648531663000,U0209,S0500,2,700
1648531664000,U0209,S0500,2,700
1648531665000,U0209,S0500,2,700
1648531666000,U0209,S0500,2,700
1648531667000,U0209,S0500,2,700
1648531668000,U0209,S0500,2,700
1648531669000,U0209,S0500,2,700
1648531670000,U0209,S0500,2,700
1648531671000,U0209,S0500,2,700
1648531672000,U0209,S0500,2,700
1648531673000,U0209,S0500,2,700
1648531674000,U0209,S0500,2,1000
1648531675000,U0209,S0500,2,1000
1648531676000,U0209,S0500,2,1000
1648531677000,U0209,S0500,2,1000
1648531678000,U0209,S0500,2,1000
1648531679000,U0209,S0500,2,800
1648531680000,U0209,S0500,2,800
1648531681000,U0209,S0500,2,800
1648531682000,U0209,S0500,2,800
1648531683000,U0209,S0500,2,800
1648531684000,U0209,S0500,2,800
1648531685000,U0209,S0500,2,800
1648531686000,U0209,S0500,3,100
1648531687000,U0209,S0500,3,100
1648531688000,U0209,S0500,3,100
1648531689000,U0209,S0500,3,100
1648531690000,U0209,S0500,3,100
1648531691000,U0209,S0500,3,100
1648531692000,U0209,S0500,3,100
1648531693000,U0209,S0500,3,100
1648531694000,U0209,S0500,3,100
1648531695000,U0209,S0500,3,100
1648531696000,U0209,S0500,3,100
1648531697000,U0209,S0500,3,200
1648531698000,U0209,S0500,3,200
1648531699000,U0209,S0500,3,200
1648531700000,U0209,S0500,3,200
1648531701000,U0209,S0500,3,200
1648531702000,U0209,S0500,3,200
1648531703000,U0209,S0500,3,200
1648531704000,U0209,S0500,3,200
1648531705000,U0209,S0500,3,200
1648531706000,U0209,S0500,3,200
1648531707000,U0209,S0500,3,200
1648531708000,U0209,S0500,3,200
1648531709000,U0209,S0500,3,200
1648531710000,U0209,S0500,3,200
1648531711000,U0209,S0500,3,200
1648531712000,U0209,S0500,3,200
1648531713000,U0209,S0500,3,200
1648531714000,U0209,S0500,3,300
1648531715000,U0209,S0500,3,300
1648531716000,U0209,S0500,3,300
1648531717000,U0209,S0500,3,300
1648531718000,U0209,S0500,3,300
1648531719000,U0209,S0500,3,300
1648531720000,U0209,S0500,3,300
1648531721000,U0209,S0500,3,300
1648531722000,U0209,S0500,3,300
1648531723000,U0209,S0500,3,300
1648531724000,U0209,S0500,3,300
1648531725000,U0209,S0500,3,300
1648531726000,U0209,S0500,3,300
1648531727000,U0209,S0500,3,300
1648531728000,U0209,S0500,3,400
1648531729000,U0209,S0500,3,400
1648531730000,U0209,S0500,3,400
1648531731000,U0209,S0500,3,400
1648531732000,U0209,S0500,3,400
1648531733000,U0209,S0500,3,400
1648531734000,U0209,S0500,3,400
1648531735000,U0209,S0500,3,400
1648531736000,U0209,S0500,3,400
1648531737000,U0209,S0500,3,400
1648531738000,U0209,S0500,3,500
1648531739000,U0209,S0500,3,500
1648531740000,U0209,S0500,3,500
1648531741000,U0209,S0500,3,500
1648531742000,U0209,S0500,3,500
1648531743000,U0209,S0500,3,500
1648531744000,U0209,S0500,3,500
1648531745000,U0209,S0500,3,500
1648531746000,U0209,S0500,3,500
1648531747000,U0209,S0500,3,500
1648531748000,U0209,S0500,3,500
1648531749000,U0209,S0500,3,500
1648531750000,U0209,S0500,3,600
1648531751000,U0209,S0500,3,600
1648531752000,U0209,S0500,3,700
1648531753000,U0209,S0500,3,700
1648531754000,U0209,S0500,3,700
1648531755000,U0209,S0500,3,700
1648531756000,U0209,S0500,3,700
1648531757000,U0209,S0500,3,700
1648531758000,U0209,S0500,3,700
1648531759000,U0209,S0500,3,700
1648531760000,U0209,S0500,3,700
1648531761000,U0209,S0500,3,700
1648531762000,U0209,S0500,3,1000
1648531763000,U0209,S0500,3,1000
1648531764000,U0209,S0500,3,1000
1648531765000,U0209,S0500,3,1000
1648531766000,U0209,S0500,3,1000
1648531767000,U0209,S0500,3,1000
1648531768000,U0209,S0500,3,1000
1648531769000,U0209,S0500,3,1000
1648531770000,U0209,S0500,3,1000
1648531771000,U0209,S0500,3,1000
1648531772000,U0209,S0500,3,800
1648531773000,U0209,S0500,3,800
1648531774000,U0209,S0500,3,800
1648531775000,U0209,S0500,3,800
1648531776000,U0209,S0500,3,800
1648531777000,U0209,S0500,4,100
1648531778000,U0209,S0500,4,100
1648531779000,U0209,S0500,4,100
1648531780000,U0209,S0500,4,100
1648531781000,U0209,S0500,4,100
1648531782000,U0209,S0500,4,100
1648531783000,U0209,S0500,4,100
1648531784000,U0209,S0500,4,100
1648531785000,U0209,S0500,4,100
1648531786000,U0209,S0500,4,200
1648531787000,U0209,S0500,4,200
1648531788000,U0209,S0500,4,200
1648531789000,U0209,S0500,4,200
1648531790000,U0209,S0500,4,200
1648531791000,U0209,S0500,4,200
1648531792000,U0209,S0500,4,200
1648531793000,U0209,S0500,4,200
1648531794000,U0209,S0500,4,200
1648531795000,U0209,S0500,4,200
1648531796000,U0209,S0500,4,200
1648531797000,U0209,S0500,4,300
1648531798000,U0209,S0500,4,300
1648531799000,U0209,S0500,4,300
1648531800000,U0209,S0500,4,300
1648531801000,U0209,S0500,4,300
1648531802000,U0209,S0500,4,300
1648531803000,U0209,S0500,4,300
1648531804000,U0209,S0500,4,300
1648531805000,U0209,S0500,4,300
1648531806000,U0209,S0500,4,400
1648531807000,U0209,S0500,4,400
1648531808000,U0209,S0500,4,400
1648531809000,U0209,S0500,4,500
1648531810000,U0209,S0500,4,500
1648531811000,U0209,S0500,4,500
1648531812000,U0209,S0500,4,500
1648531813000,U0209,S0500,4,500
1648531814000,U0209,S0500,4,500
1648531815000,U0209,S0500,4,600
1648531816000,U0209,S0500,4,600
1648531817000,U0209,S0500,4,600
1648531818000,U0209,S0500,4,700
1648531819000,U0209,S0500,4,700
1648531820000,U0209,S0500,4,700
1648531821000,U0209,S0500,4,700
1648531822000,U0209,S0500,4,700
1648531823000,U0209,S0500,4,700
1648531824000,U0209,S0500,4,700
1648531825000,U0209,S0500,4,700
1648531826000,U0209,S0500,4,700
1648531827000,U0209,S0500,4,1000
1648531828000,U0209,S0500,4,1000
1648531829000,U0209,S0500,4,1000
1648531830000,U0209,S0500,4,800
1648531831000,U0209,S0500,4,800
1648531832000,U0209,S0500,4,800
1648531833000,U0209,S0500,4,800
1648531834000,U0209,S0500,4,800
1648531835000,U0209,S0500,4,800
1648531836000,U0209,S0500,4,800
1648531837000,U0209,S0500,4,900
1648531838000,U0209,S0500,4,900
1648531839000,U0209,S0500,4,900
1648531840000,U0209,S0500,5,100
1648531841000,U0209,S0500,5,100
1648531842000,U0209,S0500,5,200
1648531843000,U0209,S0500,5,200
1648531844000,U0209,S0500,5,200
1648531845000,U0209,S0500,5,100
1648531846000,U0209,S0500,5,100
1648531847000,U0209,S0500,5,100
1648531848000,U0209,S0500,5,100
1648531849000,U0209,S0500,5,100
1648531850000,U0209,S0500,5,200
1648531851000,U0209,S0500,5,200
1648531852000,U0209,S0500,5,200
1648531853000,U0209,S0500,5,200
1648531854000,U0209,S0500,5,200
1648531855000,U0209,S0500,5,200
1648531856000,U0209,S0500,5,200
1648531857000,U0209,S0500,5,200
1648531858000,U0209,S0500,5,200
1648531859000,U0209,S0500,5,200
1648531860000,U0209,S0500,5,200
1648531861000,U0209,S0500,5,200
1648531862000,U0209,S0500,5,200
1648531863000,U0209,S0500,5,200
1648531864000,U0209,S0500,5,300
1648531865000,U0209,S0500,5,300
1648531866000,U0209,S0500,5,300
1648531867000,U0209,S0500,5,300
1648531868000,U0209,S0500,5,300
1648531869000,U0209,S0500,5,300
1648531870000,U0209,S0500,5,300
1648531871000,U0209,S0500,5,300
1648531872000,U0209,S0500,5,300
1648531873000,U0209,S0500,5,300
1648531874000,U0209,S0500,5,300
1648531875000,U0209,S0500,5,300
1648531876000,U0209,S0500,5,300
1648531877000,U0209,S0500,5,300
1648531878000,U0209,S0500,5,400
1648531879000,U0209,S0500,5,400
1648531880000,U0209,S0500,5,400
1648531881000,U0209,S0500,5,500
1648531882000,U0209,S0500,5,500
1648531883000,U0209,S0500,5,500
1648531884000,U0209,S0500,5,500
1648531885000,U0209,S0500,5,500
1648531886000,U0209,S0500,5,500
1648531887000,U0209,S0500,5,500
1648531888000,U0209,S0500,5,500
1648531889000,U0209,S0500,5,500
1648531890000,U0209,S0500,5,600
1648531891000,U0209,S0500,5,600
1648531892000,U0209,S0500,5,600
1648531893000,U0209,S0500,5,700
1648531894000,U0209,S0500,5,700
1648531895000,U0209,S0500,5,700
1648531896000,U0209,S0500,5,700
1648531897000,U0209,S0500,5,700
1648531898000,U0209,S0500,5,700
1648531899000,U0209,S0500,5,700
1648531900000,U0209,S0500,5,700
1648531901000,U0209,S0500,5,700
1648531902000,U0209,S0500,5,700
1648531903000,U0209,S0500,5,700
1648531904000,U0209,S0500,5,700
1648531905000,U0209,S0500,5,700
1648531906000,U0209,S0500,5,700
1648531907000,U0209,S0500,5,1000
1648531908000,U0209,S0500,5,1000
1648531909000,U0209,S0500,5,1000
1648531910000,U0209,S0500,5,1000
1648531911000,U0209,S0500,5,1000
1648531912000,U0209,S0500,5,1000
1648531913000,U0209,S0500,5,800
1648531914000,U0209,S0500,5,800
1648531915000,U0209,S0500,5,800
1648531916000,U0209,S0500,5,800
1648531917000,U0209,S0500,5,800
1648531918000,U0209,S0500,5,800
1648531919000,U0209,S0500,5,900
1648531920000,U0209,S0500,5,900
1648531921000,U0209,S0500,5,900
1648531922000,U0209,S0500,6,100
1648531923000,U0209,S0500,6,100
1648531924000,U0209,S0500,6,100
1648531925000,U0209,S0500,6,200
1648531926000,U0209,S0500,6,200
1648531927000,U0209,S0500,6,200
1648531928000,U0209,S0500,6,300
1648531929000,U0209,S0500,6,300
1648531930000,U0209,S0500,6,400
1648531931000,U0209,S0500,6,400
1648531932000,U0209,S0500,6,400
1648531933000,U0209,S0500,6,500
1648531934000,U0209,S0500,6,500
1648531935000,U0209,S0500,6,500
1648531936000,U0209,S0500,6,500
1648531937000,U0209,S0500,6,500
1648531938000,U0209,S0500,6,500
1648531939000,U0209,S0500,6,500
1648531940000,U0209,S0500,6,500
1648531941000,U0209,S0500,6,600
1648531942000,U0209,S0500,6,600
1648531943000,U0209,S0500,6,700
1648531944000,U0209,S0500,6,700
1648531945000,U0209,S0500,6,700
1648531946000,U0209,S0500,6,700
1648531947000,U0209,S0500,6,700
1648531948000,U0209,S0500,6,700
1648531949000,U0209,S0500,6,700
1648531950000,U0209,S0500,6,700
1648531951000,U0209,S0500,6,700
1648531952000,U0209,S0500,6,700
1648531953000,U0209,S0500,6,1000
1648531954000,U0209,S0500,6,1000
1648531955000,U0209,S0500,6,1000
1648531956000,U0209,S0500,6,1000
1648531957000,U0209,S0500,6,1000
1648531958000,U0209,S0500,6,1000
1648531959000,U0209,S0500,6,800
1648531960000,U0209,S0500,6,800
1648531961000,U0209,S0500,6,800
1648531962000,U0209,S0500,6,800
1648531963000,U0209,S0500,6,800
1648531964000,U0209,S0500,7,100
1648531965000,U0209,S0500,7,100
1648531966000,U0209,S0500,7,100
1648531967000,U0209,S0500,7,100
1648531968000,U0209,S0500,7,100
1648531969000,U0209,S0500,7,100
1648531970000,U0209,S0500,7,100
1648531971000,U0209,S0500,7,100
1648531972000,U0209,S0500,7,100
1648531973000,U0209,S0500,7,200
1648531974000,U0209,S0500,7,200
1648531975000,U0209,S0500,7,200
1648531976000,U0209,S0500,7,200
1648531977000,U0209,S0500,7,200
1648531978000,U0209,S0500,7,200
1648531979000,U0209,S0500,7,200
1648531980000,U0209,S0500,7,200
1648531981000,U0209,S0500,7,200
1648531982000,U0209,S0500,7,200
1648531983000,U0209,S0500,7,200
1648531984000,U0209,S0500,7,200
1648531985000,U0209,S0500,7,300
1648531986000,U0209,S0500,7,300
1648531987000,U0209,S0500,7,300
1648531988000,U0209,S0500,7,300
1648531989000,U0209,S0500,7,300
1648531990000,U0209,S0500,7,300
1648531991000,U0209,S0500,7,300
1648531992000,U0209,S0500,7,300
1648531993000,U0209,S0500,7,300
1648531994000,U0209,S0500,7,300
1648531995000,U0209,S0500,7,300
1648531996000,U0209,S0500,7,300
1648531997000,U0209,S0500,7,300
1648531998000,U0209,S0500,7,300
1648531999000,U0209,S0500,7,400
1648532000000,U0209,S0500,7,400
1648532001000,U0209,S0500,7,400
1648532002000,U0209,S0500,7,400
1648532003000,U0209,S0500,7,400
1648532004000,U0209,S0500,7,500
1648532005000,U0209,S0500,7,500
1648532006000,U0209,S0500,7,500
1648532007000,U0209,S0500,7,500
1648532008000,U0209,S0500,7,500
1648532009000,U0209,S0500,7,500
1648532010000,U0209,S0500,7,500
1648532011000,U0209,S0500,7,500
1648532012000,U0209,S0500,7,500
1648532013000,U0209,S0500,7,600
1648532014000,U0209,S0500,7,600
1648532015000,U0209,S0500,7,600
1648532016000,U0209,S0500,7,600
1648532017000,U0209,S0500,7,700
1648532018000,U0209,S0500,7,700
1648532019000,U0209,S0500,7,700
1648532020000,U0209,S0500,7,700
1648532021000,U0209,S0500,7,700
1648532022000,U0209,S0500,7,700
1648532023000,U0209,S0500,7,700
1648532024000,U0209,S0500,7,700
1648532025000,U0209,S0500,7,1000
1648532026000,U0209,S0500,7,1000
1648532027000,U0209,S0500,7,1000
1648532028000,U0209,S0500,7,1000
1648532029000,U0209,S0500,7,800
1648532030000,U0209,S0500,7,800
1648532031000,U0209,S0500,7,800
1648532032000,U0209,S0500,7,800
1648532033000,U0209,S0500,7,800
1648532034000,U0209,S0500,7,800
1648532035000,U0209,S0500,7,800
1648532036000,U0209,S0500,8,100
1648532037000,U0209,S0500,8,100
1648532038000,U0209,S0500,8,100
1648532039000,U0209,S0500,8,100
1648532040000,U0209,S0500,8,100
1648532041000,U0209,S0500,8,100
1648532042000,U0209,S0500,8,100
1648532043000,U0209,S0500,8,200
1648532044000,U0209,S0500,8,200
1648532045000,U0209,S0500,8,200
1648532046000,U0209,S0500,8,200
1648532047000,U0209,S0500,8,200
1648532048000,U0209,S0500,8,300
1648532049000,U0209,S0500,8,300
1648532050000,U0209,S0500,8,300
1648532051000,U0209,S0500,8,300
1648532052000,U0209,S0500,8,300
1648532053000,U0209,S0500,8,300
1648532054000,U0209,S0500,8,300
1648532055000,U0209,S0500,8,300
1648532056000,U0209,S0500,8,300
1648532057000,U0209,S0500,8,300
1648532058000,U0209,S0500,8,300
1648532059000,U0209,S0500,8,400
1648532060000,U0209,S0500,8,400
1648532061000,U0209,S0500,8,400
1648532062000,U0209,S0500,8,400
1648532063000,U0209,S0500,8,400
1648532064000,U0209,S0500,8,400
1648532065000,U0209,S0500,8,400
1648532066000,U0209,S0500,8,400
1648532067000,U0209,S0500,8,500
1648532068000,U0209,S0500,8,500
1648532069000,U0209,S0500,8,500
1648532070000,U0209,S0500,8,500
1648532071000,U0209,S0500,8,500
1648532072000,U0209,S0500,8,500
1648532073000,U0209,S0500,8,500
1648532074000,U0209,S0500,8,500
1648532075000,U0209,S0500,8,500
1648532076000,U0209,S0500,8,400
1648532077000,U0209,S0500,8,500
1648532078000,U0209,S0500,8,500
1648532079000,U0209,S0500,8,500
1648532080000,U0209,S0500,8,500
1648532081000,U0209,S0500,8,500
1648532082000,U0209,S0500,8,500
1648532083000,U0209,S0500,8,500
1648532084000,U0209,S0500,8,500
1648532085000,U0209,S0500,8,500
1648532086000,U0209,S0500,8,500
1648532087000,U0209,S0500,8,500
1648532088000,U0209,S0500,8,500
1648532089000,U0209,S0500,8,600
1648532090000,U0209,S0500,8,600
1648532091000,U0209,S0500,8,600
1648532092000,U0209,S0500,8,600
1648532093000,U0209,S0500,8,700
1648532094000,U0209,S0500,8,700
1648532095000,U0209,S0500,8,700
1648532096000,U0209,S0500,8,700
1648532097000,U0209,S0500,8,700
1648532098000,U0209,S0500,8,700
1648532099000,U0209,S0500,8,700
1648532100000,U0209,S0500,8,700
1648532101000,U0209,S0500,8,700
1648532102000,U0209,S0500,8,1000
1648532103000,U0209,S0500,8,1000
1648532104000,U0209,S0500,8,1000
1648532105000,U0209,S0500,8,1000
1648532106000,U0209,S0500,8,1000
1648532107000,U0209,S0500,8,1000
1648532108000,U0209,S0500,8,800
1648532109000,U0209,S0500,8,800
1648532110000,U0209,S0500,8,800
1648532111000,U0209,S0500,8,800
1648532112000,U0209,S0500,9,100
1648532113000,U0209,S0500,9,100
1648532114000,U0209,S0500,9,100
1648532115000,U0209,S0500,9,100
1648532116000,U0209,S0500,9,100
1648532117000,U0209,S0500,9,100
1648532118000,U0209,S0500,9,100
1648532119000,U0209,S0500,9,100
1648532120000,U0209,S0500,9,200
1648532121000,U0209,S0500,9,200
1648532122000,U0209,S0500,9,200
1648532123000,U0209,S0500,9,200
1648532124000,U0209,S0500,9,200
1648532125000,U0209,S0500,9,200
1648532126000,U0209,S0500,9,200
1648532127000,U0209,S0500,9,200
1648532128000,U0209,S0500,9,200
1648532129000,U0209,S0500,9,300
1648532130000,U0209,S0500,9,300
1648532131000,U0209,S0500,9,300
1648532132000,U0209,S0500,9,300
1648532133000,U0209,S0500,9,300
1648532134000,U0209,S0500,9,300
1648532135000,U0209,S0500,9,300
1648532136000,U0209,S0500,9,300
1648532137000,U0209,S0500,9,300
1648532138000,U0209,S0500,9,300
1648532139000,U0209,S0500,9,300
1648532140000,U0209,S0500,9,300
1648532141000,U0209,S0500,9,300
1648532142000,U0209,S0500,9,300
1648532143000,U0209,S0500,9,300
1648532144000,U0209,S0500,9,300
1648532145000,U0209,S0500,9,400
1648532146000,U0209,S0500,9,400
1648532147000,U0209,S0500,9,400
1648532148000,U0209,S0500,9,400
1648532149000,U0209,S0500,9,400
1648532150000,U0209,S0500,9,500
1648532151000,U0209,S0500,9,500
1648532152000,U0209,S0500,9,500
1648532153000,U0209,S0500,9,500
1648532154000,U0209,S0500,9,500
1648532155000,U0209,S0500,9,500
1648532156000,U0209,S0500,9,500
1648532157000,U0209,S0500,9,500
1648532158000,U0209,S0500,9,500
1648532159000,U0209,S0500,9,600
1648532160000,U0209,S0500,9,600
1648532161000,U0209,S0500,9,600
1648532162000,U0209,S0500,9,600
1648532163000,U0209,S0500,9,700
1648532164000,U0209,S0500,9,700
1648532165000,U0209,S0500,9,700
1648532166000,U0209,S0500,9,700
1648532167000,U0209,S0500,9,700
1648532168000,U0209,S0500,9,700
1648532169000,U0209,S0500,9,700
1648532170000,U0209,S0500,9,700
1648532171000,U0209,S0500,9,700
1648532172000,U0209,S0500,9,700
1648532173000,U0209,S0500,9,700
1648532174000,U0209,S0500,9,700
1648532175000,U0209,S0500,9,1000
1648532176000,U0209,S0500,9,1000
1648532177000,U0209,S0500,9,1000
1648532178000,U0209,S0500,9,1000
1648532179000,U0209,S0500,9,1000
1648532180000,U0209,S0500,9,800
1648532181000,U0209,S0500,9,800
1648532182000,U0209,S0500,9,800
1648532183000,U0209,S0500,9,800
1648532184000,U0209,S0500,9,800
1648532185000,U0209,S0500,9,800
1648532186000,U0209,S0500,9,800
1648532187000,U0209,S0500,10,100
1648532188000,U0209,S0500,10,100
1648532189000,U0209,S0500,10,100
1648532190000,U0209,S0500,10,100
1648532191000,U0209,S0500,10,100
1648532192000,U0209,S0500,10,100
1648532193000,U0209,S0500,10,100
1648532194000,U0209,S0500,10,100
1648532195000,U0209,S0500,10,100
1648532196000,U0209,S0500,10,200
1648532197000,U0209,S0500,10,200
1648532198000,U0209,S0500,10,200
1648532199000,U0209,S0500,10,200
1648532200000,U0209,S0500,10,200
1648532201000,U0209,S0500,10,200
1648532202000,U0209,S0500,10,300
1648532203000,U0209,S0500,10,300
1648532204000,U0209,S0500,10,300
1648532205000,U0209,S0500,10,300
1648532206000,U0209,S0500,10,300
1648532207000,U0209,S0500,10,300
1648532208000,U0209,S0500,10,300
1648532209000,U0209,S0500,10,300
1648532210000,U0209,S0500,10,300
1648532211000,U0209,S0500,10,300
1648532212000,U0209,S0500,10,300
1648532213000,U0209,S0500,10,400
1648532214000,U0209,S0500,10,400
1648532215000,U0209,S0500,10,400
1648532216000,U0209,S0500,10,400
1648532217000,U0209,S0500,10,300
1648532218000,U0209,S0500,10,300
1648532219000,U0209,S0500,10,300
1648532220000,U0209,S0500,10,300
1648532221000,U0209,S0500,10,300
1648532222000,U0209,S0500,10,300
1648532223000,U0209,S0500,10,300
1648532224000,U0209,S0500,10,300
1648532225000,U0209,S0500,10,300
1648532226000,U0209,S0500,10,300
1648532227000,U0209,S0500,10,300
1648532228000,U0209,S0500,10,300
1648532229000,U0209,S0500,10,300
1648532230000,U0209,S0500,10,300
1648532231000,U0209,S0500,10,400
1648532232000,U0209,S0500,10,400
1648532233000,U0209,S0500,10,400
1648532234000,U0209,S0500,10,400
1648532235000,U0209,S0500,10,500
1648532236000,U0209,S0500,10,500
1648532237000,U0209,S0500,10,500
1648532238000,U0209,S0500,10,500
1648532239000,U0209,S0500,10,500
1648532240000,U0209,S0500,10,500
1648532241000,U0209,S0500,10,500
1648532242000,U0209,S0500,10,500
1648532243000,U0209,S0500,10,600
1648532244000,U0209,S0500,10,600
1648532245000,U0209,S0500,10,600
1648532246000,U0209,S0500,10,600
1648532247000,U0209,S0500,10,700
1648532248000,U0209,S0500,10,700
1648532249000,U0209,S0500,10,700
1648532250000,U0209,S0500,10,700
1648532251000,U0209,S0500,10,700
1648532252000,U0209,S0500,10,700
1648532253000,U0209,S0500,10,700
1648532254000,U0209,S0500,10,700
1648532255000,U0209,S0500,10,700
1648532256000,U0209,S0500,10,1000
1648532257000,U0209,S0500,10,1000
1648532258000,U0209,S0500,10,1000
1648532259000,U0209,S0500,10,1000
1648532260000,U0209,S0500,10,800
1648532261000,U0209,S0500,10,800
1648532262000,U0209,S0500,10,800
1648532263000,U0209,S0500,10,800
1648532264000,U0209,S0500,10,800
1648532265000,U0209,S0500,10,800
1648532266000,U0209,S0500,11,100
1648532267000,U0209,S0500,11,100
1648532268000,U0209,S0500,11,100
1648532269000,U0209,S0500,11,100
1648532270000,U0209,S0500,11,100
1648532271000,U0209,S0500,11,100
1648532272000,U0209,S0500,11,100
1648532273000,U0209,S0500,11,200
1648532274000,U0209,S0500,11,200
1648532275000,U0209,S0500,11,200
1648532276000,U0209,S0500,11,200
1648532277000,U0209,S0500,11,300
1648532278000,U0209,S0500,11,300
1648532279000,U0209,S0500,11,300
1648532280000,U0209,S0500,11,300
1648532281000,U0209,S0500,11,300
1648532282000,U0209,S0500,11,300
1648532283000,U0209,S0500,11,300
1648532284000,U0209,S0500,11,300
1648532285000,U0209,S0500,11,300
1648532286000,U0209,S0500,11,300
1648532287000,U0209,S0500,11,300
1648532288000,U0209,S0500,11,300
1648532289000,U0209,S0500,11,300
1648532290000,U0209,S0500,11,400
1648532291000,U0209,S0500,11,400
1648532292000,U0209,S0500,11,400
1648532293000,U0209,S0500,11,400
1648532294000,U0209,S0500,11,400
1648532295000,U0209,S0500,11,400
1648532296000,U0209,S0500,11,500
1648532297000,U0209,S0500,11,500
1648532298000,U0209,S0500,11,500
1648532299000,U0209,S0500,11,500
1648532300000,U0209,S0500,11,500
1648532301000,U0209,S0500,11,500
1648532302000,U0209,S0500,11,500
1648532303000,U0209,S0500,11,500
1648532304000,U0209,S0500,11,600
1648532305000,U0209,S0500,11,600
1648532306000,U0209,S0500,11,600
1648532307000,U0209,S0500,11,600
1648532308000,U0209,S0500,11,700
1648532309000,U0209,S0500,11,700
1648532310000,U0209,S0500,11,700
1648532311000,U0209,S0500,11,700
1648532312000,U0209,S0500,11,700
1648532313000,U0209,S0500,11,700
1648532314000,U0209,S0500,11,700
1648532315000,U0209,S0500,11,1000
1648532316000,U0209,S0500,11,1000
1648532317000,U0209,S0500,11,1000
1648532318000,U0209,S0500,11,1000
1648532319000,U0209,S0500,11,800
1648532320000,U0209,S0500,11,800
1648532321000,U0209,S0500,11,800
1648532322000,U0209,S0500,11,800
1648532323000,U0209,S0500,11,800
1648532324000,U0209,S0500,11,800
1648532325000,U0209,S0500,12,100
1648532326000,U0209,S0500,12,100
1648532327000,U0209,S0500,12,100
1648532328000,U0209,S0500,12,100
1648532329000,U0209,S0500,12,100
1648532330000,U0209,S0500,12,100
1648532331000,U0209,S0500,12,200
1648532332000,U0209,S0500,12,200
1648532333000,U0209,S0500,12,200
1648532334000,U0209,S0500,12,200
1648532335000,U0209,S0500,12,200
1648532336000,U0209,S0500,12,200
1648532337000,U0209,S0500,12,300
1648532338000,U0209,S0500,12,300
1648532339000,U0209,S0500,12,300
1648532340000,U0209,S0500,12,300
1648532341000,U0209,S0500,12,300
1648532342000,U0209,S0500,12,300
1648532343000,U0209,S0500,12,300
1648532344000,U0209,S0500,12,300
1648532345000,U0209,S0500,12,300
1648532346000,U0209,S0500,12,300
1648532347000,U0209,S0500,12,300
1648532348000,U0209,S0500,12,300
1648532349000,U0209,S0500,12,400
1648532350000,U0209,S0500,12,400
1648532351000,U0209,S0500,12,400
1648532352000,U0209,S0500,12,400
1648532353000,U0209,S0500,12,500
1648532354000,U0209,S0500,12,500
1648532355000,U0209,S0500,12,500
1648532356000,U0209,S0500,12,500
1648532357000,U0209,S0500,12,500
1648532358000,U0209,S0500,12,500
1648532359000,U0209,S0500,12,500
1648532360000,U0209,S0500,12,500
1648532361000,U0209,S0500,12,600
1648532362000,U0209,S0500,12,600
1648532363000,U0209,S0500,12,600
1648532364000,U0209,S0500,12,600
1648532365000,U0209,S0500,12,700
1648532366000,U0209,S0500,12,700
1648532367000,U0209,S0500,12,700
1648532368000,U0209,S0500,12,700
1648532369000,U0209,S0500,12,700
1648532370000,U0209,S0500,12,700
1648532371000,U0209,S0500,12,700
1648532372000,U0209,S0500,12,700
1648532373000,U0209,S0500,12,1000
1648532374000,U0209,S0500,12,1000
1648532375000,U0209,S0500,12,1000
1648532376000,U0209,S0500,12,1000
1648532377000,U0209,S0500,12,1000
1648532378000,U0209,S0500,12,800
1648532379000,U0209,S0500,12,800
1648532380000,U0209,S0500,12,800
1648532381000,U0209,S0500,12,800
1648532382000,U0209,S0500,12,800
1648532383000,U0209,S0500,13,100
1648532384000,U0209,S0500,13,100
1648532385000,U0209,S0500,13,100
1648532386000,U0209,S0500,13,100
1648532387000,U0209,S0500,13,100
1648532388000,U0209,S0500,13,100
1648532389000,U0209,S0500,13,200
1648532390000,U0209,S0500,13,200
1648532391000,U0209,S0500,13,200
1648532392000,U0209,S0500,13,200
1648532393000,U0209,S0500,13,200
1648532394000,U0209,S0500,13,300
1648532395000,U0209,S0500,13,300
1648532396000,U0209,S0500,13,300
1648532397000,U0209,S0500,13,300
1648532398000,U0209,S0500,13,300
1648532399000,U0209,S0500,13,300
1648532400000,U0209,S0500,13,300
1648532401000,U0209,S0500,13,300
1648532402000,U0209,S0500,13,300
1648532403000,U0209,S0500,13,300
1648532404000,U0209,S0500,13,300
1648532405000,U0209,S0500,13,300
1648532406000,U0209,S0500,13,400
1648532407000,U0209,S0500,13,400
1648532408000,U0209,S0500,13,400
1648532409000,U0209,S0500,13,400
1648532410000,U0209,S0500,13,400
1648532411000,U0209,S0500,13,400
1648532412000,U0209,S0500,13,500
1648532413000,U0209,S0500,13,500
1648532414000,U0209,S0500,13,500
1648532415000,U0209,S0500,13,500
1648532416000,U0209,S0500,13,500
1648532417000,U0209,S0500,13,500
1648532418000,U0209,S0500,13,500
1648532419000,U0209,S0500,13,500
1648532420000,U0209,S0500,13,600
1648532421000,U0209,S0500,13,600
1648532422000,U0209,S0500,13,600
1648532423000,U0209,S0500,13,700
1648532424000,U0209,S0500,13,700
1648532425000,U0209,S0500,13,700
1648532426000,U0209,S0500,13,700
1648532427000,U0209,S0500,13,700
1648532428000,U0209,S0500,13,700
1648532429000,U0209,S0500,13,700
1648532430000,U0209,S0500,13,700
1648532431000,U0209,S0500,13,700
1648532432000,U0209,S0500,13,1000
1648532433000,U0209,S0500,13,1000
1648532434000,U0209,S0500,13,1000
1648532435000,U0209,S0500,13,1000
1648532436000,U0209,S0500,13,800
1648532437000,U0209,S0500,13,800
1648532438000,U0209,S0500,13,800
1648532439000,U0209,S0500,13,800
1648532440000,U0209,S0500,13,800
1648532441000,U0209,S0500,13,800
1648532442000,U0209,S0500,13,800
1648532443000,U0209,S0500,14,100
1648532444000,U0209,S0500,14,100
1648532445000,U0209,S0500,14,100
1648532446000,U0209,S0500,14,100
1648532447000,U0209,S0500,14,100
1648532448000,U0209,S0500,14,100
1648532449000,U0209,S0500,14,100
1648532450000,U0209,S0500,14,100
1648532451000,U0209,S0500,14,100
1648532452000,U0209,S0500,14,100
1648532453000,U0209,S0500,14,100
1648532454000,U0209,S0500,14,200
1648532455000,U0209,S0500,14,200
1648532456000,U0209,S0500,14,200
1648532457000,U0209,S0500,14,200
1648532458000,U0209,S0500,14,200
1648532459000,U0209,S0500,14,200
1648532460000,U0209,S0500,14,200
1648532461000,U0209,S0500,14,200
1648532462000,U0209,S0500,14,200
1648532463000,U0209,S0500,14,200
1648532464000,U0209,S0500,14,200
1648532465000,U0209,S0500,14,200
1648532466000,U0209,S0500,14,200
1648532467000,U0209,S0500,14,200
1648532468000,U0209,S0500,14,300
1648532469000,U0209,S0500,14,300
1648532470000,U0209,S0500,14,300
1648532471000,U0209,S0500,14,300
1648532472000,U0209,S0500,14,300
1648532473000,U0209,S0500,14,300
1648532474000,U0209,S0500,14,300
1648532475000,U0209,S0500,14,300
1648532476000,U0209,S0500,14,300
1648532477000,U0209,S0500,14,400
1648532478000,U0209,S0500,14,400
1648532479000,U0209,S0500,14,500
1648532480000,U0209,S0500,14,500
1648532481000,U0209,S0500,14,500
1648532482000,U0209,S0500,14,500
1648532483000,U0209,S0500,14,500
1648532484000,U0209,S0500,14,500
1648532485000,U0209,S0500,14,500
1648532486000,U0209,S0500,14,500
1648532487000,U0209,S0500,14,500
1648532488000,U0209,S0500,14,500
1648532489000,U0209,S0500,14,500
1648532490000,U0209,S0500,14,600
1648532491000,U0209,S0500,14,600
1648532492000,U0209,S0500,14,700
1648532493000,U0209,S0500,14,700
1648532494000,U0209,S0500,14,700
1648532495000,U0209,S0500,14,700
1648532496000,U0209,S0500,14,700
1648532497000,U0209,S0500,14,700
1648532498000,U0209,S0500,14,700
1648532499000,U0209,S0500,14,700
1648532500000,U0209,S0500,14,700
1648532501000,U0209,S0500,14,700
1648532502000,U0209,S0500,14,700
1648532503000,U0209,S0500,14,700
1648532504000,U0209,S0500,14,1000
1648532505000,U0209,S0500,14,1000
1648532506000,U0209,S0500,14,1000
1648532507000,U0209,S0500,14,1000
1648532508000,U0209,S0500,14,1000
1648532509000,U0209,S0500,14,1000
1648532510000,U0209,S0500,14,1000
1648532511000,U0209,S0500,14,800
1648532512000,U0209,S0500,14,800
1648532513000,U0209,S0500,14,800
1648532514000,U0209,S0500,14,800
1648532515000,U0209,S0500,14,800
1648532516000,U0209,S0500,14,800
1648532517000,U0209,S0500,14,800
1648532518000,U0209,S0500,14,800
1648532519000,U0209,S0500,15,100
1648532520000,U0209,S0500,15,100
1648532521000,U0209,S0500,15,100
1648532522000,U0209,S0500,15,100
1648532523000,U0209,S0500,15,100
1648532524000,U0209,S0500,15,100
1648532525000,U0209,S0500,15,100
1648532526000,U0209,S0500,15,100
1648532527000,U0209,S0500,15,100
1648532528000,U0209,S0500,15,100
1648532529000,U0209,S0500,15,100
1648532530000,U0209,S0500,15,100
1648532531000,U0209,S0500,15,200
1648532532000,U0209,S0500,15,200
1648532533000,U0209,S0500,15,200
1648532534000,U0209,S0500,15,200
1648532535000,U0209,S0500,15,200
1648532536000,U0209,S0500,15,200
1648532537000,U0209,S0500,15,200
1648532538000,U0209,S0500,15,200
1648532539000,U0209,S0500,15,100
1648532540000,U0209,S0500,15,100
1648532541000,U0209,S0500,15,200
1648532542000,U0209,S0500,15,200
1648532543000,U0209,S0500,15,200
1648532544000,U0209,S0500,15,200
1648532545000,U0209,S0500,15,200
1648532546000,U0209,S0500,15,200
1648532547000,U0209,S0500,15,200
1648532548000,U0209,S0500,15,200
1648532549000,U0209,S0500,15,200
1648532550000,U0209,S0500,15,200
1648532551000,U0209,S0500,15,300
1648532552000,U0209,S0500,15,300
1648532553000,U0209,S0500,15,300
1648532554000,U0209,S0500,15,300
1648532555000,U0209,S0500,15,300
1648532556000,U0209,S0500,15,400
1648532557000,U0209,S0500,15,400
1648532558000,U0209,S0500,15,400
1648532559000,U0209,S0500,15,400
1648532560000,U0209,S0500,15,400
1648532561000,U0209,S0500,15,400
1648532562000,U0209,S0500,15,400
1648532563000,U0209,S0500,15,400
1648532564000,U0209,S0500,15,400
1648532565000,U0209,S0500,15,400
1648532566000,U0209,S0500,15,500
1648532567000,U0209,S0500,15,500
1648532568000,U0209,S0500,15,500
1648532569000,U0209,S0500,15,500
1648532570000,U0209,S0500,15,500
1648532571000,U0209,S0500,15,500
1648532572000,U0209,S0500,15,500
1648532573000,U0209,S0500,15,500
1648532574000,U0209,S0500,15,600
1648532575000,U0209,S0500,15,600
1648532576000,U0209,S0500,15,600
1648532577000,U0209,S0500,15,700
1648532578000,U0209,S0500,15,700
1648532579000,U0209,S0500,15,700
1648532580000,U0209,S0500,15,700
1648532581000,U0209,S0500,15,700
1648532582000,U0209,S0500,15,700
1648532583000,U0209,S0500,15,700
1648532584000,U0209,S0500,15,700
1648532585000,U0209,S0500,15,700
1648532586000,U0209,S0500,15,700
1648532587000,U0209,S0500,15,700
1648532588000,U0209,S0500,15,1000
1648532589000,U0209,S0500,15,1000
1648532590000,U0209,S0500,15,1000
1648532591000,U0209,S0500,15,1000
1648532592000,U0209,S0500,15,1000
1648532593000,U0209,S0500,15,1000
1648532594000,U0209,S0500,15,1000
1648532595000,U0209,S0500,15,1000
1648532596000,U0209,S0500,15,1000
1648532597000,U0209,S0500,15,800
1648532598000,U0209,S0500,15,800
1648532599000,U0209,S0500,15,800
1648532600000,U0209,S0500,15,800
1648532601000,U0209,S0500,15,800
1648532602000,U0209,S0500,15,800
1648532603000,U0209,S0500,15,900
1648532604000,U0209,S0500,15,900
1648532605000,U0209,S0500,15,900
1648532606000,U0209,S0500,16,100
1648532607000,U0209,S0500,16,100
1648532608000,U0209,S0500,16,100
1648532609000,U0209,S0500,16,100
1648532610000,U0209,S0500,16,200
1648532611000,U0209,S0500,16,200
1648532612000,U0209,S0500,16,200
1648532613000,U0209,S0500,16,200
1648532614000,U0209,S0500,16,300
1648532615000,U0209,S0500,16,300
1648532616000,U0209,S0500,16,300
1648532617000,U0209,S0500,16,300
1648532618000,U0209,S0500,16,300
1648532619000,U0209,S0500,16,300
1648532620000,U0209,S0500,16,300
1648532621000,U0209,S0500,16,300
1648532622000,U0209,S0500,16,300
1648532623000,U0209,S0500,16,400
1648532624000,U0209,S0500,16,400
1648532625000,U0209,S0500,16,400
1648532626000,U0209,S0500,16,400
1648532627000,U0209,S0500,16,400
1648532628000,U0209,S0500,16,400
1648532629000,U0209,S0500,16,500
1648532630000,U0209,S0500,16,500
1648532631000,U0209,S0500,16,500
1648532632000,U0209,S0500,16,500
1648532633000,U0209,S0500,16,500
1648532634000,U0209,S0500,16,500
1648532635000,U0209,S0500,16,500
1648532636000,U0209,S0500,16,500
1648532637000,U0209,S0500,16,500
1648532638000,U0209,S0500,16,600
1648532639000,U0209,S0500,16,600
1648532640000,U0209,S0500,16,600
1648532641000,U0209,S0500,16,700
1648532642000,U0209,S0500,16,700
1648532643000,U0209,S0500,16,700
1648532644000,U0209,S0500,16,700
1648532645000,U0209,S0500,16,700
1648532646000,U0209,S0500,16,700
1648532647000,U0209,S0500,16,700
1648532648000,U0209,S0500,16,1000
1648532649000,U0209,S0500,16,1000
1648532650000,U0209,S0500,16,1000
1648532651000,U0209,S0500,16,1000
1648532652000,U0209,S0500,16,1000
1648532653000,U0209,S0500,16,800
1648532654000,U0209,S0500,16,800
1648532655000,U0209,S0500,16,800
1648532656000,U0209,S0500,16,800
1648532657000,U0209,S0500,16,800
1648532658000,U0209,S0500,16,800
1648532659000,U0209,S0500,16,800
1648532660000,U0209,S0500,17,100
1648532661000,U0209,S0500,17,100
1648532662000,U0209,S0500,17,100
1648532663000,U0209,S0500,17,100
1648532664000,U0209,S0500,17,100
1648532665000,U0209,S0500,17,100
1648532666000,U0209,S0500,17,100
1648532667000,U0209,S0500,17,100
1648532668000,U0209,S0500,17,200
1648532669000,U0209,S0500,17,200
1648532670000,U0209,S0500,17,200
1648532671000,U0209,S0500,17,200
1648532672000,U0209,S0500,17,200
1648532673000,U0209,S0500,17,200
1648532674000,U0209,S0500,17,300
1648532675000,U0209,S0500,17,300
1648532676000,U0209,S0500,17,300
1648532677000,U0209,S0500,17,300
1648532678000,U0209,S0500,17,300
1648532679000,U0209,S0500,17,300
1648532680000,U0209,S0500,17,300
1648532681000,U0209,S0500,17,300
1648532682000,U0209,S0500,17,300
1648532683000,U0209,S0500,17,300
1648532684000,U0209,S0500,17,300
1648532685000,U0209,S0500,17,300
1648532686000,U0209,S0500,17,400
1648532687000,U0209,S0500,17,400
1648532688000,U0209,S0500,17,400
1648532689000,U0209,S0500,17,400
1648532690000,U0209,S0500,17,400
1648532691000,U0209,S0500,17,400
1648532692000,U0209,S0500,17,400
1648532693000,U0209,S0500,17,400
1648532694000,U0209,S0500,17,400
1648532695000,U0209,S0500,17,500
1648532696000,U0209,S0500,17,500
1648532697000,U0209,S0500,17,500
1648532698000,U0209,S0500,17,500
1648532699000,U0209,S0500,17,500
1648532700000,U0209,S0500,17,500
1648532701000,U0209,S0500,17,500
1648532702000,U0209,S0500,17,600
1648532703000,U0209,S0500,17,600
1648532704000,U0209,S0500,17,600
1648532705000,U0209,S0500,17,600
1648532706000,U0209,S0500,17,600
1648532707000,U0209,S0500,17,600
1648532708000,U0209,S0500,17,700
1648532709000,U0209,S0500,17,700
1648532710000,U0209,S0500,17,700
1648532711000,U0209,S0500,17,700
1648532712000,U0209,S0500,17,700
1648532713000,U0209,S0500,17,700
1648532714000,U0209,S0500,17,700
1648532715000,U0209,S0500,17,700
1648532716000,U0209,S0500,17,1000
1648532717000,U0209,S0500,17,1000
1648532718000,U0209,S0500,17,1000
1648532719000,U0209,S0500,17,1000
1648532720000,U0209,S0500,17,800
1648532721000,U0209,S0500,17,800
1648532722000,U0209,S0500,17,800
1648532723000,U0209,S0500,17,800
1648532724000,U0209,S0500,17,800
1648532725000,U0209,S0500,17,800
1648532726000,U0209,S0500,17,800
1648532727000,U0209,S0500,17,800
1648532728000,U0209,S0500,17,800
1648532729000,U0209,S0500,18,100
1648532730000,U0209,S0500,18,100
1648532731000,U0209,S0500,18,100
1648532732000,U0209,S0500,18,100
1648532733000,U0209,S0500,18,100
1648532734000,U0209,S0500,18,100
1648532735000,U0209,S0500,18,100
1648532736000,U0209,S0500,18,200
1648532737000,U0209,S0500,18,200
1648532738000,U0209,S0500,18,200
1648532739000,U0209,S0500,18,200
1648532740000,U0209,S0500,18,200
1648532741000,U0209,S0500,18,200
1648532742000,U0209,S0500,18,200
1648532743000,U0209,S0500,18,200
1648532744000,U0209,S0500,18,200
1648532745000,U0209,S0500,18,200
1648532746000,U0209,S0500,18,200
1648532747000,U0209,S0500,18,200
1648532748000,U0209,S0500,18,200
1648532749000,U0209,S0500,18,200
1648532750000,U0209,S0500,18,200
1648532751000,U0209,S0500,18,200
1648532752000,U0209,S0500,18,200
1648532753000,U0209,S0500,18,200
1648532754000,U0209,S0500,18,200
1648532755000,U0209,S0500,18,200
1648532756000,U0209,S0500,18,200
1648532757000,U0209,S0500,18,200
1648532758000,U0209,S0500,18,200
1648532759000,U0209,S0500,18,300
1648532760000,U0209,S0500,18,300
1648532761000,U0209,S0500,18,300
1648532762000,U0209,S0500,18,300
1648532763000,U0209,S0500,18,300
1648532764000,U0209,S0500,18,300
1648532765000,U0209,S0500,18,300
1648532766000,U0209,S0500,18,300
1648532767000,U0209,S0500,18,300
1648532768000,U0209,S0500,18,300
1648532769000,U0209,S0500,18,300
1648532770000,U0209,S0500,18,300
1648532771000,U0209,S0500,18,400
1648532772000,U0209,S0500,18,400
1648532773000,U0209,S0500,18,400
1648532774000,U0209,S0500,18,400
1648532775000,U0209,S0500,18,400
1648532776000,U0209,S0500,18,400
1648532777000,U0209,S0500,18,500
1648532778000,U0209,S0500,18,500
1648532779000,U0209,S0500,18,500
1648532780000,U0209,S0500,18,500
1648532781000,U0209,S0500,18,500
1648532782000,U0209,S0500,18,500
1648532783000,U0209,S0500,18,500
1648532784000,U0209,S0500,18,500
1648532785000,U0209,S0500,18,500
1648532786000,U0209,S0500,18,500
1648532787000,U0209,S0500,18,600
1648532788000,U0209,S0500,18,600
1648532789000,U0209,S0500,18,700
1648532790000,U0209,S0500,18,700
1648532791000,U0209,S0500,18,700
1648532792000,U0209,S0500,18,700
1648532793000,U0209,S0500,18,700
1648532794000,U0209,S0500,18,700
1648532795000,U0209,S0500,18,700
1648532796000,U0209,S0500,18,700
1648532797000,U0209,S0500,18,700
1648532798000,U0209,S0500,18,700
1648532799000,U0209,S0500,18,1000
1648532800000,U0209,S0500,18,1000
1648532801000,U0209,S0500,18,1000
1648532802000,U0209,S0500,18,1000
1648532803000,U0209,S0500,18,1000
1648532804000,U0209,S0500,18,1000
1648532805000,U0209,S0500,18,1000
1648532806000,U0209,S0500,18,1000
1648532807000,U0209,S0500,18,1000
1648532808000,U0209,S0500,18,800
1648532809000,U0209,S0500,18,800
1648532810000,U0209,S0500,18,800
1648532811000,U0209,S0500,18,800
1648532812000,U0209,S0500,18,800
1648532813000,U0209,S0500,18,800
1648532814000,U0209,S0500,18,800
1648532815000,U0209,S0500,18,800
1648532816000,U0209,S0500,19,100
1648532817000,U0209,S0500,19,100
1648532818000,U0209,S0500,19,100
1648532819000,U0209,S0500,19,100
1648532820000,U0209,S0500,19,100
1648532821000,U0209,S0500,19,200
1648532822000,U0209,S0500,19,200
1648532823000,U0209,S0500,19,200
1648532824000,U0209,S0500,19,200
1648532825000,U0209,S0500,19,200
1648532826000,U0209,S0500,19,200
1648532827000,U0209,S0500,19,300
1648532828000,U0209,S0500,19,300
1648532829000,U0209,S0500,19,300
1648532830000,U0209,S0500,19,300
1648532831000,U0209,S0500,19,300
1648532832000,U0209,S0500,19,300
1648532833000,U0209,S0500,19,300
1648532834000,U0209,S0500,19,300
1648532835000,U0209,S0500,19,300
1648532836000,U0209,S0500,19,400
1648532837000,U0209,S0500,19,400
1648532838000,U0209,S0500,19,400
1648532839000,U0209,S0500,19,500
1648532840000,U0209,S0500,19,500
1648532841000,U0209,S0500,19,500
1648532842000,U0209,S0500,19,500
1648532843000,U0209,S0500,19,500
1648532844000,U0209,S0500,19,500
1648532845000,U0209,S0500,19,500
1648532846000,U0209,S0500,19,500
1648532847000,U0209,S0500,19,500
1648532848000,U0209,S0500,19,500
1648532849000,U0209,S0500,19,600
1648532850000,U0209,S0500,19,600
1648532851000,U0209,S0500,19,700
1648532852000,U0209,S0500,19,700
1648532853000,U0209,S0500,19,700
1648532854000,U0209,S0500,19,700
1648532855000,U0209,S0500,19,700
1648532856000,U0209,S0500,19,700
1648532857000,U0209,S0500,19,700
1648532858000,U0209,S0500,19,700
1648532859000,U0209,S0500,19,700
1648532860000,U0209,S0500,19,1000
1648532861000,U0209,S0500,19,1000
1648532862000,U0209,S0500,19,1000
1648532863000,U0209,S0500,19,1000
1648532864000,U0209,S0500,19,1000
1648532865000,U0209,S0500,19,800
1648532866000,U0209,S0500,19,800
1648532867000,U0209,S0500,19,800
1648532868000,U0209,S0500,19,800
1648532869000,U0209,S0500,20,100
1648532870000,U0209,S0500,20,100
1648532871000,U0209,S0500,20,100
1648532872000,U0209,S0500,20,100
1648532873000,U0209,S0500,20,100
1648532874000,U0209,S0500,20,100
1648532875000,U0209,S0500,20,200
1648532876000,U0209,S0500,20,200
1648532877000,U0209,S0500,20,200
1648532878000,U0209,S0500,20,200
1648532879000,U0209,S0500,20,300
1648532880000,U0209,S0500,20,300
1648532881000,U0209,S0500,20,300
1648532882000,U0209,S0500,20,300
1648532883000,U0209,S0500,20,400
1648532884000,U0209,S0500,20,400
1648532885000,U0209,S0500,20,400
1648532886000,U0209,S0500,20,500
1648532887000,U0209,S0500,20,500
1648532888000,U0209,S0500,20,500
1648532889000,U0209,S0500,20,500
1648532890000,U0209,S0500,20,500
1648532891000,U0209,S0500,20,500
1648532892000,U0209,S0500,20,500
1648532893000,U0209,S0500,20,500
1648532894000,U0209,S0500,20,500
1648532895000,U0209,S0500,20,500
1648532896000,U0209,S0500,20,500
1648532897000,U0209,S0500,20,500
1648532898000,U0209,S0500,20,600
1648532899000,U0209,S0500,20,600
1648532900000,U0209,S0500,20,600
1648532901000,U0209,S0500,20,700
1648532902000,U0209,S0500,20,700
1648532903000,U0209,S0500,20,700
1648532904000,U0209,S0500,20,700
1648532905000,U0209,S0500,20,700
1648532906000,U0209,S0500,20,700
1648532907000,U0209,S0500,20,700
1648532908000,U0209,S0500,20,700
1648532909000,U0209,S0500,20,700
1648532910000,U0209,S0500,20,700
1648532911000,U0209,S0500,20,1000
1648532912000,U0209,S0500,20,1000
1648532913000,U0209,S0500,20,1000
1648532914000,U0209,S0500,20,1000
1648532915000,U0209,S0500,20,800
1648532916000,U0209,S0500,20,800
1648532917000,U0209,S0500,20,800
1648532918000,U0209,S0500,20,800
1648532919000,U0209,S0500,20,800
1648532920000,U0209,S0500,20,800
1648532921000,U0209,S0500,20,900
1648532922000,U0209,S0500,20,900
1648532923000,U0209,S0500,20,900
1648532924000,U0209,S0500,20,900
1648532925000,U0209,S0500,20,900
